recipe_title,category,subcategory,description,ingredients,directions,num_ingredients,num_steps
에어프라이 땅콩 치킨,에어프라이 레시피,에어프라이 레시피,이 에어프라이 땅콩 치킨 레시피에서는 뼈 없는 닭다리살을 매콤달콤한 땅콩 양념에 재웠습니다. 쌀이나 국수와 곁들이거나 한입 크기로 자르어 샐러드 위에 제공할 수 있습니다.,"[""2 큰술 태국 스위트 칠리 소스"", ""1 큰술 간장"", ""1 큰술 스리라차"", ""라임 1개, 제스트와 즙"", ""1 작은술 분말 마늘"", ""1 큰술 생강"", ""1/3 컵 크리미한 땅콩 버터"", ""맛을 내기 위해 소금"", ""뼈 없는 닭다리살 6개"", ""요리용 스프레이"", ""조리된 쌀 2컵 또는 필요한 만큼"", ""다진 실란트로"", ""드라이로스트 땅콩""]","[""칠리 소스, 간장, 스리라차, 라임 제스트, 라임 즙, 분말 마늘, 다진 생강, 땅콩 버터, 맛을 내기 위해 소금을 큰 재봉 가능한 플라스틱 봉지에 넣으세요. 봉지 안의 재료를 부드럽게 움직이고 으깨세요 잘 섞일 때까지."", ""닭고기를 봉지에 넣고 최대한 공기를 짜내세요. 봉지 안에서 닭고기를 움직이세요 각 조각이 양념에 코팅될 때까지. 냉장고에서 최소 30분에서 최대 24시간 재우세요."", ""에어프라이어를 화씨 350도(섭씨 180도) 또는 제조업체의 권장사항에 따라 예열하세요."", ""에어프라이어의 요리 표면에 요리용 스프레이를 기름을 바르세요."", ""봉지에서 닭고기 조각을 꺼내고 양념을 봉지로 다시 떨어지도록 하세요. 닭고기 조각을 에어프라이어에 단층으로 놓고 20~22분 동안 에어프라이하세요, 중간에 뒤집으면서, 즉석 온도계가 중앙 근처에 화씨 165도(섭씨 74도)를 읽을 때까지."", ""한편, 미사용한 양념에 약 1/2컵의 물을 넣고 내용물을 섞으세요; 전자레인지 안전 용기에 붓으세요. 고강도로 전자레인지에 돌리세요, 양념이 끓을 때까지, 그리고 약 1분 더 익히세요; 넘치지 않는지 주의 깊게 보세요."", ""닭고기를 쌀 위에 제공하세요, 소스는 찍어 먹을 용으로 따로. 다진 실란트로, 슬라이스한 파, 채썬 오이와 당근, 다진 땅콩으로 장식하세요, 원하는 대로.""]",13,7
로드된 치즈버거 와플 프라이 베이크,소고기 레시피,소고기 레시피,"와플 프라이, 간 소고기, 베이컨, 치즈가 치즈버거를 연상시키는 이 쉬운 구이에 결합됩니다.","[""8 베이컨 (1/2 패키지)"", ""1 (20온스) 냉동 와플 프라이 봉지"", ""1 큰술 올리브 기름"", ""1 작은 노란색 양파"", ""2 쪽 마늘, 다지기"", ""1 파운드 간 소고기"", ""소금과 신선하게 간 검은 후추, 맛에 맞게"", ""1 컵 채썬 체다 치즈"", ""1 컵 채썬 모차렐라 치즈"", ""1/4 컵 케첩, 제공용 추가"", ""2 큰술 노란색 머스터드"", ""2 큰술 마요네즈,""]","[""큰 스킬렛에 베이컨을 놓고 중간-높은 불에서 익히되, 가끔 뒤집으면서 약 10분간 고르게 갈색으로 익히다. 베이컨 슬라이스를 종이 타올에 기름기를 빼다. 충분히 식으면 대략적으로 다지다."", ""한편, 에어프라이 오븐을 화씨 400도 (섭씨 200도)로 예열하다."", ""와플 프라이를 에어프라이하여 황금색이고 바삭해질 때까지, 중간에 한 번 흔들면서, 8~10분간 또는 패키지의 지시대로 굽다. 구우면서 중간에 한 번 뒤집어야 합니다."", ""오븐을 화씨 375도 (섭씨 190도)로 예열하다."", ""큰 스킬렛에서 올리브 기름을 중간 불에서 가열하다. 양파를 넣고 2~3분간 부드러워질 때까지 익히다. 다진 마늘을 넣고 약 30초간 향이 날 때까지 익히다. 간 소고기를 넣고 소금과 후추로 간하다. 뜨거운 스킬렛에서 간 소고기를 저어주며 갈색이 되고 부스러기 상태가 될 때까지 익히다, 요리하면서 어떤 덩어리든 부수면서, 5~7분간. 기름기를 기름기를 빼고 버리다. 케첩, 머스터드, 마요네즈를 저어주어 소고기 혼합물을 완전히 코팅하다. 1~2분간 약불로 끓이다."", ""오븐을 화씨 375도 (섭씨 190도)로 예열하다."", ""익힌 소고기 혼합물을 9x13인치 베이킹 접시에 고르게 펼치다. 체다 치즈를 위에 뿌리고 바삭한 와플 프라이를 치즈 위에 고르게 펼치다. 와플 프라이 위에 모차렐라를 뿌리고, 그 위에 다진 베이컨을 뿌리다."", ""예열된 오븐에서 카세롤을 치즈가 녹고 카세롤이 데워질 때까지, 약 5분간 굽다."", ""다진 피클과 깍둑썰기한 토마토, 그리고 추가 케첩과 머스터드를 특별한 치즈버거 맛을 위해 올리고 와플 프라이가 여전히 바삭할 동안 즉시 제공하다!""]",12,9
리용네즈 감자,건강한 레시피,저나트륨 레시피,이 리용네즈 감자는 슬라이스한 감자와 양파로 만든 클래식 요리입니다.,"[""2파운드 러셋 감자"", ""2테이블스푼 올리브 오일"", ""4개의 양파, 얇게 슬라이스한"", ""2테이블스푼 다진 마늘"", ""½컵 버터"", ""맛을 내기 위해 소금"", ""간 화이트 페퍼, 맛을 내기 위해"", ""1테이블스푼 잘게 다진 신선한 파슬리""]","[""오븐을 400도 F(200도 C)로 예열하다."", ""감자의 껍질을 벗기다 그리고 자르다 1/2인치 슬라이스로. 냄비에 놓다 그리고 덮다 물로; 끓이다. 끓이기 2분 동안, 그 다음 기름기를 빼다 그리고 옆에 둔다."", ""가열하다 큰 오븐용 스킬렛 중불에서. 붓다 올리브 오일에서, 그 다음 양파를 추가한다. 살짝 카라멜화될 때까지 볶다, 8에서 10분. 저어주다 마늘을 넣고 볶다 양파가 진갈색이 될 때까지 그리고 마늘이 부드러울 때까지. 옮기다 혼합물을 그릇에."", ""스킬렛을 다시 스토브에 놓다 약불에서. 버터를 녹이다 스킬렛에, 그 다음 덮다 바닥을 감자의 1/3로. 간하다 소금과 후추로. 덮다 감자를 양파 혼합물의 1/2로. 덮다 남은 감자의 1/2로; 간하다 소금과 후추로. 펼치다 남은 양파 혼합물을 위에. 덮다 남은 감자로; 간하다 소금과 후추로."", ""굽다 예열된 오븐에서 감자가 부드러워질 때까지 그리고 위에서 갈색으로 익혀질 때까지, 10에서 12분."", ""사용하다 스패튤라를 옮기다 감자를 서빙 접시에. 뿌리다 다진 파슬리로 서빙하기 바로 전에.""]",8,6
마리아의 포르투갈식 바깔라우,카세롤,해산물 카세롤,이것은 엄마의 추억을 불러일으키는 전통 포르투갈 요리입니다. 맛있을 뿐만 아니라 항상 파티에서 큰 인기를 끌고 있습니다. 미리 계획하세요. 염장 대구(바깔랴우 또는 바깔라오)는 24시간 동안 불려야 합니다.,"[""건조 염장 대구 2파운드"", ""올리브유 3/4컵"", ""신선한 파슬리 다진 것 1/2컵, 나누어서"", ""마늘 다진 것 2클로브, 나누어서"", ""빨간 고추 플레이크 1 1/2티스푼"", ""갓 간 검은 후추 맛에 맞게"", ""유콘 골드 감자 4개"", ""무염 버터 3테이블스푼"", ""노란 양파 2개, 얇게 슬라이스하다"", ""씨를 빼낸 녹색 올리브 10개"", ""씨를 빼낸 검은 올리브 10개"", ""완전히 익힌 계란 4개, 다진 것""]","[""마른 염장 대구를 찬물에 24시간 동안 불리고, 여러 번 물을 갈아줍니다."", ""큰 냄비에 물을 끓이다. 불린 대구를 넣고 포크로 쉽게 떨어질 때까지 끓이기, 약 5분. 대구를 도마에 옮기다; 감자를 익히는 데 쓸 물을 남겨두세요. 대구의 피부와 뼈를 제거한 다음 포크를 사용하여 고기를 조각으로 다지다; 큰 볼에 따로 놓아두세요."", ""올리브유, 파슬리 1테이블스푼, 마늘 1클로브, 고추 플레이크, 검은 후추를 작은 볼에서 거품기로 저어주다; 대구 위에 붓다 그리고 살짝 버무리다 코팅하기."", ""오븐을 350도 화씨(175도 섭씨)로 예열하다. 8x11인치 베이킹 접시에 기름을 바르다."", ""감자를 남겨둔 냄비 염장 대구 요리 물에 놓다; 끓이다. 부드러워질 때까지 익히다, 약 20분. 기름기를 빼다 찬물 아래에서, 껍질을 벗기다, 그리고 1/4인치 슬라이스로 자르다."", ""감자가 익는 동안, 중불에서 큰 스킬렛에 버터를 녹이다. 양파를 넣다; 황금색이고 카라멜화될 때까지 향신료를 섞다. 나머지 마늘 1클로브를 저어주다; 따로 놓아두세요."", ""준비된 베이킹 접시의 바닥에 감자의 1/2를 층을 쌓고; 대구의 1/2로 덮다, 그 다음 양파의 1/2. 층을 반복하다, 양파로 끝내다."", ""예열된 오븐에서 옅은 갈색으로 익을 때까지 굽다, 약 15분. 올리브와 완전히 익힌 계란으로 장식하다; 남은 파슬리 7테이블스푼을 뿌리다.""]",12,8
그릴에 구운 닭고기와 밥으로 채운 피망,메인 요리,채운 피망,한 밤에 닭고기와 몇 가지를 함께 던져 만든 요리인데 채운 피망이 남편이 가장 좋아하는 요리 중 하나가 되었어요! 정말 자랑스러워요!,"[""상단을 제거하고 씨를 뺀 중간 크기의 녹색 피망 4개"", ""물 1¼컵, 나누어 사용"", ""타코 시즈닝 3큰술, 나누어 사용"", ""껍질과 뼈를 제거한 닭가슴살 반쪽 2개 (5온스)"", ""헹군 현미 ½컵"", ""두꺼운 슬라이스로 자른 빨간 피망 1개"", ""올리브유 1큰술"", ""다진 양파 ¼컵"", ""다진 마늘 2작은술"", ""깍둑썬 토마토와 초록 칠리 1캔 (10온스) (로텔® 같은 제품)"", ""채썬 멕시칸 믹스 치즈 1컵, 나누어 사용"", ""마늘 소금 ½작은술 (또는 맛에 맞게)""]","[""오븐을 375도 F(190도 C)로 예열하세요. 녹색 피망을 구운 요리 그릇에 놓고 밑바닥에 물 1/8컵을 넣으세요."", ""예열된 오븐에서 피망의 가장자리가 약간 갈색으로 익을 때까지 20~25분간 굽으세요."", ""피망이 구워지는 동안 물 1/4컵과 타코 시즈닝 2큰술을 작은 그릇에 섞으세요. 닭고기를 넣고 코팅하기 위해 버무리세요. 그릇을 랩으로 덮고 냉장고에서 최소 15분간 재우세요."", ""남은 물 1컵과 쌀을 냄비에 넣고 센 불로 가열하세요; 끓이세요. 덮개를 덮고 약한 불로 줄인 후 15분간 익히세요. 불에서 내리세요. 남은 타코 시즈닝을 저어주고 덮인 채로 약 15분간 더 놔두세요. 덮개를 제거하고 남은 액체를 기름기를 빼고 따로 놓으세요."", ""야외 그릴을 중간 열로 예열하고 격자 부분에 기름을 살짝 바르세요."", ""냉장고에서 닭고기를 꺼내 예열된 그릴에 피망 슬라이스와 함께 놓으세요. 닭고기가 중심이 더 이상 분홍색이 아니고 육수가 맑아질 때까지 양쪽에 약 5~7분씩 굽으세요. 닭고기 중심에 꽂은 즉석 온도계가 최소 165도 F(74도 C)를 읽어야 합니다. 피망이 부드러워질 때까지 양쪽에 약 2~3분씩 굽으세요."", ""그릴에서 닭고기와 피망을 제거하고 식히세요. 닭고기를 채썰고 피망을 깍둑썰기하세요."", ""큰 팬에 기름을 넣고 중간 불로 가열하세요. 양파와 마늘을 넣고 부드러워질 때까지 5~7분간 볶으세요. 익힌 쌀, 채썬 닭고기, 깍둑썬 피망, 깍둑썬 토마토와 초록 칠리, 치즈 1/2, 마늘 소금을 넣고 섞일 때까지 저어주세요. 중간 불로 가열하면서 가끔 저어주고, 뜨거워질 때까지 약 5분간 익히세요."", ""쌀 혼합물을 녹색 피망에 떠서 넣으세요. 남은 치즈를 올리세요."", ""치즈가 녹을 때까지 오븐에 약 5분간 되돌리세요.""]",12,10
스카치 에그,아침 및 브런치,아침 및 브런치,"스카치 에그는 소시지와 빵가루로 감싼 반숙 계란을 튀긴 맛있는 짭짤한 요리입니다. 영국 펍의 인기 메뉴로, 가족 행사나 피크닉에 완벽합니다. 크리스마스 이브에 상추 위에 슬라이스한 토마토와 머스터드를 장식하여 제공하는 것을 좋아합니다.","[""튀기기용 기름 1쿼트"", ""큰 계란 4개"", ""돼지고기 소시지 2파운드"", ""다목적 밀가루 1컵"", ""큰 계란 4개, 휘핑된"", ""말린 빵가루 4컵, 간된""]","[""모든 재료를 준비합니다. 오븐을 350도 화씨(175도 섭씨)로 예열합니다. 튀기기용 기름을 375도 화씨(190도 섭씨)로 가열합니다."", ""계란을 냄비에 놓고 물로 덮습니다. 끓입니다. 덮고, 열에서 제거한 후, 계란을 뜨거운 물에 10~12분 동안 그대로 둡니다. 뜨거운 물에서 제거하고, 식히고, 껍질을 벗깁니다."", ""소시지를 펴고 각 계란을 감쌀 수 있도록 패티를 만듭니다."", ""소시지 외층에 가볍게 밀가루를 뿌린 후 계란으로 코팅합니다. 빵가루에 굴려 고르게 덮습니다."", ""준비된 계란을 뜨거운 기름에 튀겨서 황금색으로 익히며 각 면이 잘 익도록 합니다."", ""예열된 오븐에서 10분간 굽습니다."", ""반으로 자르고 제공합니다."", ""즐기세요!""]",6,8
셰퍼드 파이,소고기 레시피,소고기 파이,"다진 소고기나 양고기, 당근, 양파를 넣은 풍부한 그레이비로 만든 셰퍼드 파이입니다. 치즈를 곁들인 으깬 감자 층을 얹어 까다로운 입맛도 만족시킬 수 있습니다. 저녁 식사에 야채를 더 많이 넣을 수 있는 좋은 방법입니다!","[""큰 감자 4개, 껍질을 벗기고 깍둑썬"", ""버터 1테이블스푼"", ""잘게 다진 양파 1테이블스푼"", ""체다 치즈 채썬 것 ¼컵"", ""소금과 후추 맛에 맞게"", ""당근 5개, 다진"", ""식용유 1테이블스푼"", ""양파 1개, 다진"", ""소고기나 양고기 다진 것 1파운드"", ""만능 밀가루 2테이블스푼"", ""케첩 1테이블스푼"", ""소고기 육수 ¾컵"", ""체다 치즈 채썬 것 ¼컵""]","[""모든 재료를 준비합니다."", ""큰 냄비에 소금 물을 끓이기 합니다. 감자를 넣고 부드러우면서도 여전히 단단할 때까지 약 15분간 익히다 합니다. 기름기를 빼고 으깹니다. 버터, 잘게 다진 양파, 체다 치즈 ¼컵을 넣고 섞습니다. 소금과 후추로 간 하고 맛을 맞춥니다; 따로 둡니다."", ""큰 냄비에 소금 물을 끓이기 합니다. 당근을 넣고 부드러우면서도 여전히 단단할 때까지 약 15분간 익히다 합니다. 기름기를 빼고, 으깨고 따로 둡니다. 오븐을 375도 F(190도 C)로 예열하다 합니다."", ""큰 프라이팬에 기름을 바르고 가열하다 합니다. 양파를 넣고 투명해질 때까지 익히다 합니다. 다진 소고기를 넣고 갈색으로 익히다 할 때까지 익히다 합니다. 기름기를 빼고, 밀가루를 뿌리고 1분간 익히다 합니다. 케첩과 소고기 육수를 넣습니다. 끓이다, 불을 줄이고 약불로 끓이기 를 5분간 합니다."", ""다진 소고기를 2쿼트 캐서롤 접시 바닥에 고르게 펼칩니다. 다음으로 으깬 당근층을 펼칩니다. 으깬 감자 혼합물을 올리기 하고 남은 체다 치즈를 뿌립니다."", ""예열된 오븐에서 20분간 또는 황금색으로 될 때까지 굽다 합니다. 뜨거울 때 제공하고 즐기세요!""]",13,6
새우 토스타다,멕시칸,정통 멕시칸 레시피,"샐러드, 사이드, 메인 디시, 그리고 빵이 모두 작은 스택에? 네, 좋습니다! 2개 주세요! 슬로우, 리프라이드 블랙빈, 새우가 바삭한 토스타다 셸 위에 쌓여 재미있고 맛있는 저녁 식사를 만듭니다. 가족이 순한 맛을 선호한다면 칠포틀레 페퍼 1개만 사용하고 카옌 페퍼는 빼세요.","[""1/2 컵 마요네즈"", ""아도보 소스에 담긴 칠포틀레 페퍼 2개, 다지기"", ""1/3 컵 라임 주스"", ""1 큰술 꿀"", ""1 큰술 아보카도 오일"", ""1 작은술 분쇄 커민"", ""1/4 작은술 소금, 또는 맛에 맞춰"", ""1 (8온스) 팩 채썬 양배추""]","[""마요네즈, 다진 칠포틀레 페퍼, 라임 주스, 꿀, 아보카도 오일, 1작은술 커민, 맛에 맞춘 소금을 큰 볼에 넣어 슬로우용 혼합물을 만듭니다. 잘 섞일 때까지 저어주다. 채썬 양배추를 넣고 코팅할 때까지 버무리다. 사용할 때까지 냉장합니다."", ""물, 소프리토 베이스, 카옌 페퍼를 큰 팬에 넣어 슬로우용 혼합물을 만듭니다. 중불에서 끓이다. 새우를 끓는 액체에 넣고, 다시 끓이다, 새우가 흰색과 복숭아색으로 변하고 \""C\"" 모양을 만들 때까지 익히다, 3~5분. 슬롯 스푼이나 스파이더를 사용하여 새우를 조리 액체에서 즉시 꺼냅니다."", ""오븐 랙을 열원에서 약 6인치 위에 설정하고 브로일러를 예열하다. 베이킹 트레이에 알루미늄 호일을 깔아줍니다."", ""리프라이드 빈, 스모크 파프리카, 1/2작은술 커민, 마늘 그래뉼을 볼에 넣어 토스타다용 혼합물을 만듭니다. 각 토스타다 셸에 빈 혼합물을 펼치다, 토스타다당 1~2 큰술, 또는 맛에 맞춰. 각 토스타다에 케소 프레스코 크럼블을 고르게 뿌리다. 토스타다를 준비된 베이킹 트레이에 한 층으로 놓다."", ""예열된 브로일러 아래에서 치즈가 녹기 시작할 때까지 브로일, 1~2분. 토스타다 셸이 타지 않도록 주의하세요."", ""각 토스타다에 준비된 슬로우 약 1/2컵을 놓다. 맛에 맞춰 다진 고수잎을 올리기. 토스타다당 새우 3마리를 넣고, 크레마를 뿌리다. 원하면 라임 슬라이스와 함께 제공하다.""]",8,6
동남아시아 스타일 닭고기 밥,두 사람을 위한 요리,두 사람을 위한 요리,"베트남, 태국, 인도네시아 및 기타 아시아 요리의 요소를 혼합하여 신선한 허브 샐러드를 얹은 맛있는 닭고기와 밥 요리를 만들었습니다.","[""큰 닭 가슴살 1개, 껍질 있는 것"", ""코셔 소금 1작은술, 필요에 따라 더 준비"", ""식용유 1큰술"", ""다진 생강 1큰술"", ""마늘 다진 것 2쪽"", ""깍둑썬 양파 1/3컵"", ""강황 1/2작은술"", ""재스민 쌀 1컵 + 1큰술"", ""닭 육수 1½컵""]","[""닭 가슴살을 도마 위에 놓고 껍질을 통해 5~6개의 얕은 자르기를 만듭니다. 양쪽에 소금을 넉넉히 간합니다."", ""팬에 식용유를 붓고 중불 이상으로 가열하여 닭 가슴살을 껍질 면이 아래로 향하게 놓고 겉면을 강하게 굽습니다. 피부가 황금색으로 익히고 기름이 나올 때까지 약 5분간 익힙니다. 가슴살을 뒤집고 닭이 완전히 익힐 때까지 계속 익히며 약 5분 더 걸립니다. 닭을 다 익히기 전에 기름이 연기가 나면 불을 중불 또는 중약불로 줄입니다."", ""불을 끄고 닭을 접시에 옮기고 식을 때까지 휴지시킵니다. 껍질을 벗기고 곱게 다집니다. 닭 가슴살을 냉장고에 보관합니다."", ""다진 닭 껍질을 팬에 다시 넣고 중불로 가열합니다. 껍질이 갈색으로 익히고 바삭해질 때까지 저어주며 3~5분간 익힙니다. 생강, 마늘, 양파를 넣고 양파가 반투명해질 때까지 저어주며 약 5분간 익힙니다. 강황과 쌀을 넣고 쌀이 기름으로 코팅하기될 때까지 저어주며 2~3분간 익힙니다."", ""육수를 넣고, 불을 센불로 올려 끓이다. 덮고 불을 약불로 줄인 후 20분 동안 약불로 끓이기를 방해받지 않고 진행합니다. 불을 끄고 타이머를 10분으로 설정하여 쌀을 휴지시킵니다."", ""한편, 손이나 포크로 닭고기를 채썬다. 볼에 넣습니다. 빨간 양파, 파, 프레스노 고추, 라임 주스, 간장, 핫소스, 참기름, 소금, 후춧가루, 신선한 민트와 고수를 넣습니다. 잘 버무릴 때까지 섞습니다. 맛을 보고 필요에 따라 라임 주스, 소금, 그리고/또는 매운 맛으로 더 조정합니다."", ""10분 쌀 타이머가 끝나면 덮개를 제거하고 포크로 쌀을 풀어줍니다. 맛을 보고 필요시 간을 조절합니다. 닭고기 허브 샐러드 혼합물과 라임 웨지를 올린 밥을 제공합니다.""]",9,7
검은콩 라자냐 II,라자냐,베지테리안 라자냐,남서부 풍미를 가진 라자냐입니다. 이것은 구우지 않은 상태로 냉동실에 보관하여 최대 한 달까지 보관할 수 있습니다. 냉장고에서 밤새 해동한 후 지시대로 굽기만 하면 됩니다. 둘째 날 데워서 먹으면 더 맛있습니다!,"[""라자냐 면 9개"", ""다진 양파 1/2컵"", ""다진 빨간 파프리카 1/2컵"", ""해동한 냉동 옥수수 알갱이 1/2컵"", ""다진 마늘 2쪽"", ""헹굼하고 기름기를 뺀 검은콩 캔(15온스) 1개"", ""재구성 검은콩 캔(16온스) 1개"", ""통조림 토마토 소스 2 3/4컵"", ""살사 1/2컵"", ""다진 신선한 실란트로 1/2컵(나누어짐)"", ""코티지 치즈 1 1/2컵"", ""리코타 치즈 1컵"", ""사워 크림 1/4컵"", ""채썬 몬터레이 잭 치즈 8온스"", ""슬라이스한 익은 올리브 1/4컵"", ""신선한 실란트로 8줄기""]","[""오븐을 화씨 350도(섭씨 175도)로 예열하세요. 큰 냄비에 가볍게 소금을 친 물을 끓이기까지 가져오세요. 파스타를 넣고 8~10분 동안 또는 알 덴테가 될 때까지 익히세요. 기름기를 빼세요."", ""큰 팬에 논스틱 코팅 스프레이로 코팅하기하고, 중간 불 위에 놓으세요. 양파, 빨간 파프리카, 옥수수, 마늘을 부드러워질 때까지 볶으세요. 검은콩, 재구성 검은콩, 토마토 소스, 살사, 실란트로 1/4컵을 저어주세요. 가열되고 약간 걸쭉해질 때까지 익히세요. 따로 놓으세요."", ""큰 그릇에 코티지 치즈, 리코타, 사워 크림, 채썬 몬터레이 잭 치즈, 남은 실란트로 1/4컵을 섞으세요. 따로 놓으세요."", ""9x13인치 캐서롤 접시에 논스틱 코팅 스프레이로 코팅하기하세요. 익힌 라자냐 면 3개를 접시 바닥에 놓으세요. 필요하면 자르세요. 콩 혼합물의 1/3을 펼치고, 그 다음 치즈 혼합물의 1/3을 펼치세요. 두 번 더 반복하세요."", ""덮고, 예열된 오븐에서 45분 동안 굽으세요. 슬라이스한 검은 올리브와 실란트로 줄기로 장식하세요.""]",16,5
엠파나다 파이,엠파나다,엠파나다,"이 엠파나다 파이를 샐러드, 계란 계란, 살사 또는 사워크림, 그리고 채썬 멕시칸 치즈(선택사항)와 함께 제공하세요.","[""조리 스프레이"", ""중간 크기 양파 1개, 4등분하다"", ""마늘 3쪽"", ""카놀라유 2큰술"", ""버섯 1팩(8온스), 다지다"", ""피트 카라마타 올리브 1/2컵"", ""말린 오레가노 1큰술"", ""파프리카 2 1/2작은술"", ""그라운드 커민 1작은술"", ""으깬 빨간 고추 플레이크 1/2작은술"", ""검은 후춧가루 1/8작은술, 또는 맛에 맞춰"", ""90% 저지방 소고기 1파운드"", ""파이 크러스트 1팩(15온스)"", ""계란 1개(작음)"", ""물 1작은술""]","[""양파를 푸드 프로세서에 놓다 그리고 갈다 중간 크기 다지기로. 마늘 프레스를 사용하여 마늘을 다진 양파에 추가하세요."", ""볶기 팬을 중불-강불 위에 예열하다. 기름을 바르다, 양파, 그리고 마늘을 핫 팬에. 불을 줄이다 중불로 그리고 볶기 황금색이 될 때까지, 약 5분."", ""버섯을 푸드 프로세서에 놓다 그리고 갈다 중간 크기 깍둑썰기로. 저어주다 양파 혼합물에 넣고 익히다 3~4분. 한편, 올리브를 갈다 곱고 다진 것으로 따로 보관하세요."", ""오레가노, 파프리카, 커민, 빨간 고추 플레이크, 그리고 후춧가루를 팬에 추가하세요; 익히다 그리고 저어주다 향기로워질 때까지, 1~2분. 소고기를 으깨서 넣고 익히다, 스푼이나 주걱으로 부수면서, 완전히 갈색으로 익혀질 때까지, 5~8분. 올리브를 저어주다. 불을 끄고 식히다 20~30분 동안, 가끔씩 저어주면서."", ""오븐을 425도 F(220도 C)로 예열하다. 9인치 파이 플레이트에 조리 스프레이를 분사하세요. 플레이트에 파이 크러스트 1개를 깐다."", ""식힌 소고기 혼합물을 조심스럽게 떠서 넣다 크러스트에. 두 번째 크러스트를 누르다 위에. 슬라이스하다 위 크러스트에 공기 통풍구."", ""계란과 물을 휘핑하다 작은 그릇에 함께. 계란 액을 발라주세요 파이의 전체 표면에 철저히."", ""굽다 예열된 오븐에서 크러스트가 황금색으로 갈색이 될 때까지, 45~50분. 식히다 5~10분 자르기와 제공하기 전에.",15,8
에어프라이 감자튀김,에어프라이 레시피,에어프라이 사이드 디시 레시피,"이 에어프라이 감자튀김 레시피는 차가운 물과 뜨거운 물로 불리는 요령으로 매우 바삭한 감자튀김을 만듭니다. 단 4가지 재료로 만들어지는 이 감자튀김은 전통 감자튀김과 맞먹으면서도 기름을 훨씬 적게 사용합니다. 허니 머스터드, 매운 토마토 소스, 또는 마늘 아이올리 같은 디핑 소스와 함께 버거, 스테이크, 또는 치킨과 제공하세요.","[""1파운드 러셋 감자, 껍질을 벗기기"", ""2작은술 식용유"", ""1꼬집 카옌 페퍼"", ""½작은술 코셔 소금""]","[""모든 재료를 준비하세요."", ""각 감자를 길이방향으로 3/8인치 두께로 슬라이스하다, 그 다음 섹션을 3/8인치 너비 막대로 슬라이스하다. 감자를 찬물 그릇에 놓다. 약 5분간 불리기로 과도한 전분을 빼내고 기름기를 빼다."", ""끓인 물을 감자 위에 붓다 몇 인치로 덮을 때까지. 10분간 놔두기. 감자를 기름기를 빼다 그리고 종이 타올 위로 옮기다. 과도한 물을 톡톡 두드려 빼고 최소 10분 이상 식히기."", ""식힌 감자를 믹싱 볼에 놓다. 기름을 바르다 그리고 카옌으로 간하다; 버무리기로 코팅하다."", ""에어프라이를 375도 F(190도 C)로 예열하다."", ""감자를 에어프라이 바스켓에 2층으로 쌓기."", ""15분간 익히다. 바스켓을 밀어내고 튀김을 버무리다. 황금색이 될 때까지 계속 튀기다, 약 10분 더. 믹싱 볼에서 소금으로 튀김을 버무리다. 즉시 제공하다.""]",4,7
에어프라이어 토스토네스,에피타이저와 스낵,과일 에피타이저,"토스토네스는 녹색(덜 익은) 플랜테인으로 만들어지며 많은 카리브해 및 남미 국가에서 매우 인기 있는 반찬입니다. 전통적인 방법은 플랜테인을 기름에 두 번 튀기는 것이지만, 푸에르토리코 가족 레시피의 이 에어프라이 버전은 딥프라이 대신 올리브유 스프레이를 사용하기 때문에 훨씬 가볍습니다.","[""녹색(덜 익은) 플랜테인 2개"", ""올리브유 요리용 스프레이"", ""물 3컵 (필요한 만큼)"", ""소금 (맛을 낸다)""]","[""에어프라이어를 400도 F(200도 C)로 예열하다."", ""플랜테인의 끝을 자르다. 플랜테인의 끝에서 끝까지 수직으로 자르되, 두꺼운 껍질만 자르고 플랜테인 과육에는 자르지 않도록 주의하다. 껍질을 벗기지 않은 상태로 플랜테인을 1인치 크기로 자르다. 각 조각의 슬릿 부분에서부터 시작하여 껍질을 벗기다."", ""플랜테인 조각을 에어프라이어 바구니에 놓다 그리고 올리브유 스프레이로 분무하다. 5분간 에어프라이하다. 한편, 소금을 친 물 한 그릇을 준비하다."", ""핀셋으로 에어프라이어에서 플랜테인 조각을 제거하다. 토스토네라(플랜테인 스매셔)를 사용하여 약 1/2인치 두께로 으깨다. 나머지를 으깨는 동안 으깬 토스토네스를 소금을 친 물 그릇에 불리다."", ""토스토네스를 소금물에서 제거하다 그리고 종이 타올로 톡톡 두드려 물기를 없애다."", ""토스토네스를 에어프라이어에 여러 번에 나누어 넣되, 매번 바구니에 한 층씩 채우다. 올리브유 스프레이로 올리기 분무하다 그리고 소금으로 간하다; 5분간 에어프라이하다. 핀셋으로 뒤집다 그리고 다른 쪽에 올리브유 스프레이를 분무하다. 소금으로 간하다. 황금색으로 갈색으로 익히고 바삭해질 때까지 에어프라이하다, 4~5분 더.",4,6
정통 목사 타코,요리 군중을 위해,요리 군중을 위해 메인 요리,"목사 타코는 풍미 있는 고추 소스에 재운 부드러운 돼지고기와 파인애플을 곁들인 본질적인 멕시코 요리입니다. 따뜻한 옥수수 토르티야, 토마틸로 살사, 그리고 레몬 또는 라임 웨지와 함께 제공하세요.","[""토마토 1개"", ""씨를 제거한 건조 과아힐로 고추 3개"", ""씨를 제거한 건조 앙초 고추 2개"", ""파인애플 1개, 슬라이스하다 3/4인치 두께"", ""오렌지 주스 1/2컵"", ""양파 1개, 4등분하다"", ""화이트 식초 1/4컵"", ""아도보 소스의 칠포틀레 고추 2개"", ""소금 1테이블스푼, 또는 맛에 따라"", ""마늘 쐐기 2개, 으깬"", ""정향 3개"", ""커민 씨앗 1작은술"", ""건조 오레가노 1작은술"", ""뼈 없는 돼지 등심 2파운드, 얇게 슬라이스하다""]","[""토마토를 골이 있는 그릴 팬에서 중불-고불 위에서 익히다 약간 검게 그을릴 때까지, 약 5분. 불에서 제거하고 식히다 쉽게 다룰 수 있을 때까지. 껍질을 벗기다 그리고 씨를 제거하세요."", ""작은 냄비에 물을 끓이기. 과아힐로와 앙초 고추를 추가하세요; 익히다 부드러워질 때까지, 약 5분. 기름기를 빼다."", ""토마토 살, 부드러워진 고추, 파인애플 2슬라이스, 오렌지 주스, 4등분하다 양파, 식초, 칠포틀레 고추, 소금, 마늘, 정향, 커민 씨앗, 그리고 오레가노를 믹서기에 넣으세요; 섞다 부드러워질 때까지."", ""돼지고기 슬라이스를 유리 또는 세라믹 베이킹 접시에 배열하세요. 블렌디드 혼합물을 붓다 돼지고기 위에, 모든 면이 균등하게 코팅하기되도록 확인하세요. 베이킹 접시를 플라스틱 랩으로 덮다."", ""돼지고기를 냉장고에서 재우다, 4시간에서 밤새."", ""남은 파인애플 슬라이스를 골이 있는 그릴 팬에서 중불-고불 위에서 익히다 약간 검게 그을리고 부드러워질 때까지, 약 5분 한쪽에. 다지다 작은 조각으로."", ""그릴 팬을 닦아내고 예열하다 중불-고불 위에. 익히다 재운 돼지고기를 핫 팬에, 뒤집다 한 번, 갈색으로 익힐 때까지, 4~5분."", ""돼지고기를 다지다 성기게 작은 조각으로 곡물 방향으로. 제공하다 파인애플, 다진 양파, 그리고 고수풀과 함께.""]",14,8
베이컨 할라피뇨 팝퍼 퍼프,7월 4일,7월 4일 애피타이저,"클래식한 베이컨으로 감싼 할라피뇨 팝퍼를 좋아한다면, 이 놀랍도록 가벼운 퍼프 레시피를 마음에 들어할 것입니다. 특히 쉬운 크림치즈 딥과 함께 제공할 때 같은 맛이 모두 있으며, 준비가 훨씬 더 쉽습니다.","[""½ 컵 크림치즈, 부드럽게"", ""¼ 컵 크렘프레쉐"", ""2 큰술 다진 파, 장식용으로 약간 더"", ""1 작은술 신선한 라임 주스""]","[""딥 소스 만들기: 크림치즈, 크렘프레쉐, 파, 라임 주스를 볼에 함께 섞어주다. 혼합물이 너무 걸쭉하면 원하는 농도가 될 때까지 물을 충분히 붓다."", ""퍼프 만들기: 큰 팬에 베이컨을 놓고 중불에서 중약불로 가열하다. 가끔씩 뒤집으면서 약 10분간 익혀 균등하게 갈색으로 익히고 바삭하게 만들다. 베이컨 슬라이스를 종이 타월에 기름기를 빼다. 부수거나 가늘게 다지다. 팬에서 기름을 기름기를 빼다. 1 큰술은 남겨두다."", ""팬을 중불에서 중약불로 가열하다. 찬물, 버터, 남겨둔 베이컨 기름, 소금을 붓다. 혼합물을 약불로 끓이기까지 가져오다. 불을 줄이고 중불로 조절하다. 밀가루를 한 번에 붓다. 저어주고 나무 숟가락으로 으깨다. 반죽이 뭉치기 시작할 때까지 2~3분간 저어주다. 팬을 불에서 내리고 반죽을 믹싱볼에 옮기다. 약 5분간 식히다."", ""반죽이 식으면 계란 1개를 거품기로 저어주다. 혼합물이 약간 분리될 것입니다. 혼합물이 다시 뭉쳐질 때까지 계속 거품기로 저어주다. 두 번째 계란으로 반복하다. 볼의 옆면을 긁어내다. 깍둑썰기한 할라피뇨, 베이컨 조각, 채썬 치즈, 카옌 페퍼, 검은 후추를 붓다. 주걱으로 철저히 섞다. 반죽을 랩으로 감싸고 냉장고에서 30분에서 1시간 동안 식혀질 때까지 보관하다."", ""튀김냄비에 기름을 데워 375도 F(190도 C)까지 가열하다."", ""작은 스쿱을 사용하여 반죽의 둥근 모양을 떠서 넣다. 반죽 둥근 모양을 뜨거운 기름에 떨어뜨리고 금색으로 익혀지고 완전히 익혀질 때까지 3~4분간 익히다. 필요하면 여러 번 나누어서 하다. 냉각 랙에 옮기다."", ""녹색 파 슬라이스 몇 개로 장식한 딥 소스와 함께 제공하다.""]",4,7
구운 필리 치즈스테이크 슬라이더,소고기 레시피,햄버거,"이 구운 치즈스테이크 슬라이더는 집에서 정통 필리 치즈스테이크에 가까운 맛을 낼 수 있습니다. 게다가 작은 롤이 저를 큰 사람처럼 느끼게 해줍니다! 거대한 느낌을 말하자면, 풋볼 시즌이 다가왔고, 친구들이 경기를 보러 올 때 만들 더 좋은 샌드위치를 생각할 수 없습니다.","[""올리브 기름을 바르다 1테이블스푼"", ""소고기 안심 스테이크 1파운드"", ""소금과 간 검은 후추 맛에 맞게"", ""카옌 페퍼 1꼬집, 맛에 맞게"", ""다진 양파 1/2컵"", ""미니 샌드위치 롤 10개"", ""신선하게 채썬 프로볼론 치즈 2 1/2컵"", ""다진 절인 고추 1/2컵"", ""소프트한 크림 치즈 1/2컵"", ""코셔 소금 1티스푼"", ""간 검은 후추 1/4티스푼""]","[""팬에 올리브 기름을 바르고 중불에서 가열하다. 스테이크를 소금, 검은 후추, 카옌 페퍼로 넉넉히 간하다. 5~6분간 익히다. 뒤집고 스테이크 주변에 양파를 넣다. 스테이크가 단단해지고 중심이 뜨겁고 약간 분홍색일 때까지 계속 익히다, 5~6분. 양파를 스테이크 아래로 밀어서 갈색으로 익히되 아직 아삭한 상태까지, 2~3분. 스테이크와 소테된 양파를 접시에 옮기다."", ""오븐을 425도 화씨(220도 섭씨)로 예열하다. 베이킹 트레이에 알루미늄 호일을 깔다."", ""준비된 베이킹 트레이에 롤을 놓다. 45도 각도로 자르면서 각 롤의 위를 파내다. 속을 채울 공간을 만들기 위해 안의 빵을 꼬집어 떼어내다."", ""스테이크를 얇은 스트립으로 슬라이스하다, 그다음 1/2인치 조각으로 자르다. 믹싱 볼에 옮기다. 소테된 양파와 축적된 육즙을 넣다. 1 1/2컵 프로볼론, 절인 고추, 크림 치즈, 1티스푼 코셔 소금, 1/4티스푼 검은 후추를 버무리고 완전히 섞을 때까지; 섞다. 맛을 보고 필요하면 소금으로 간하다. 롤에 떠서 넣고 남은 1컵 프로볼론 치즈를 올리다."", ""예열된 오븐에서 치즈가 녹고 롤의 가장자리가 갈색으로 익을 때까지 굽다, 약 15분.",11,5
구운 호박 폴렌타,Chef John,Chef John'S Side Dishes,"Chef John의 구운 호박 폴렌타는 흥미롭고 시각적으로 매력적인 구운 형태로 준비된 폴렌타에 풍미 있는 호박의 변화를 줍니다. 모양을 유지하는 바삭한 껍질 안은 부드럽고 크리미하며, 은은하게 달콤하고 흙내가 납니다.","[""2 tablespoons 올리브 기름을 바르기"", ""2 tablespoons 버터"", ""8 to 10 세이지 잎"", ""1 (15 ounce) can 호박 퓨레"", ""5 1/2 cups 물"", ""1 1/2 teaspoons 코셔 소금"", ""1/2 teaspoon 분쇄 검은 후추"", ""1 1/2 cups 노란 옥수수 가루"", ""1 pinch 카이엔 페퍼 (optional)"", ""1/4 cup 우유"", ""1 1/2 cups 파르미지아노 레지아노 또는 페코리노 치즈"", ""2/3 cup 몬터레이 잭""]","[""올리브 기름을 바르기를 중불-강불로 설정한 냄비에 추가하고; 버터를 넣고, 녹을 때까지 가열하다. 세이지 잎을 넣고 튀기기까지 진한 녹색이 되고 거품이 그칠 때까지, 20~30초. 불을 끄기; 세이지 잎을 키친타올이 깔린 접시에 옮기고 따로 보관. 튀긴 세이지 잎은 냉장고에 보관할 수 있고 나중에 올리기에 사용할 수 있습니다."", ""호박을 냄비에 추가하고, 물을 붓다, 그리고 강불로 가열하다. 거품기로 저어주다 그리고 끓이다. 소금과 후추로 간하다."", ""혼합물이 끓이는 중에, 천천히 옥수수 가루를 뿌리다, 계속 거품기로 저어주다. 불을 중불-약불로 줄이다, 그리고 익히기, 가끔 저어주다, 옥수수 가루가 크리미하고, 부드럽고, 더 이상 거친 느낌이 없을 때까지, 약 25분."", ""불을 끄기; 카이엔, 우유, 그리고 파르미지아노 레지아노 치즈를 추가. 거품기로 저어주다 철저하게 균등하게 섞일 때까지."", ""9x9인치 케이크 팬을 올리브 기름을 바르기로 넉넉하게; 폴렌타를 팬에 펼치다 균등하게. 실온까지 식히다. 랩을 싸고 냉장고에 최소 3시간 동안 차갑게 식히기."", ""오븐을 425도 F (220도 C)로 예열하다. 차갑고 단단한 폴렌타를 도마에 뒤집다 그리고 8개의 동일한 부분으로 자르다."", ""선 깔린 베이킹 시트에 옮기다, 그리고 각 조각의 올리기에 강판에 간 몬터레이 잭 치즈. 파프리카 또는 카이엔으로 뿌리다 올리기에, 원하면."", ""예열된 오븐에서 굽다 폴렌타가 데워질 때까지, 그리고 가장자리가 갈색으로 익히기를 시작할 때까지, 약 30분. 튀긴 세이지로 장식하다 올리기에 그리고 제공하다.""]",12,8
소고기 부르고뉴 I,소고기 레시피,소고기 스튜,"이 풍부한 소고기 부르고뉴는 익힐 때 incredible한 냄새가 나며 십대 소년들을 달려오게 합니다! 감자, 국수, 또는 쌀과 함께 이 푸짐하면서도 고급스러운 요리를 제공하세요.","[""3컵 부르고뉴 와인"", ""양파 2개, 얇게 슬라이스하다"", ""당근 2개, 다지다"", ""브랜디 2테이블스푼"", ""마늘 1클로브, 으깨다"", ""통 검은 후춧알 10개"", ""소금 1작은술"", ""신선한 파슬리 1줄기"", ""월계수잎 1개"", ""깍둑썬 소고기 차크 로스트 2파운드""]","[""재우기 위해: 와인, 슬라이스한 양파, 당근, 브랜디, 마늘, 후춧알, 소금, 파슬리, 월계수잎을 큰 유리 또는 세라믹 그릇에 섞으세요. 소고기를 넣고 버무려 균등하게 코팅하기; 그릇을 플라스틱 랩으로 덮고 냉장고에서 2일간 재우세요."", ""부르고뉴를 위해: 오븐을 화씨 300도(섭씨 150도)로 예열하세요."", ""재운 소고기를 걸러내고 과잉 부분을 흔들어서 제거; 종이 타올로 톡톡 건드려 말리세요. 채소를 걸러내고 따로 놓으세요; 재운 액을 남겨두세요. 중불~센불 위의 큰 스킬렛에 기름 2테이블스푼을 가열하세요. 소고기를 배치로 넣으세요; 모든 면이 갈색으로 익혀질 때까지 익히세요. 갈색으로 익힌 소고기를 별도의 중간 크기 그릇으로 옮기세요; 따로 놓으세요."", ""같은 스킬렛에 베이컨을 넣으세요; 약간 갈색으로 익혀질 때까지 익히고 저어주세요. 베이컨을 갈색으로 익힌 소고기가 있는 그릇으로 옮기세요. 스킬렛의 기름기를 빼고 다시 불에 올리세요. 남겨둔 재운 액 1컵을 스킬렛에 붓으세요; 냄비 바닥에서 갈색으로 익힌 음식 부분을 목재 숟가락으로 긁어내면서 끓이세요. 이 액을 남겨둔 재운 액으로 되돌리세요."", ""같은 스킬렛에 남은 기름 2테이블스푼을 가열하세요. 다진 양파를 넣으세요; 약간 부드러워질 때까지 익히고 저어주세요, 약 2~3분. 재운 액에서 남겨둔 양파와 당근을 저어주세요; 잘 섞은 후, 슬롯 스푼을 사용하여 채소를 소고기가 있는 그릇으로 옮기세요."", ""스킬렛을 불에 올리세요; 팬 드리핑에 밀가루를 뿌려 저어주세요 약 1~2분 갈색으로 될 때까지. 마늘과 토마토 페이스트를 저어주세요 섞여질 때까지. 소고기 육수, 남겨둔 재운 액, 소금, 후추를 넣으세요. 끓이세요, 거품기로 저어주세요 밀가루 덩어리를 제거하려면; 그릇의 소고기 혼합물 위에 붓으세요. 소고기 혼합물을 카세롤 또는 베이킹 접시로 옮기세요."", ""예열된 오븐에서 소고기가 부드러워질 때까지 익히세요, 약 3시간; 가끔 저어주고 필요하면 물을 넣으세요."", ""제공하기 약 10분 전, 중불~센불 위의 스킬렛에서 버터를 녹이세요. 버섯을 넣고 살짝 갈색으로 익혀질 때까지 볶으세요, 약 5~7분; 버섯을 소고기 혼합물에 저어주세요 잘 섞일 때까지.",10,8
소고기 포,소고기 요리,송아지 요리,"이 소고기 포는 편안하고 풍부한 양념으로 간한 고기 국물을 쌀국수와 얇게 슬라이스한 등심 위에 끼얹은 요리입니다. 호이신, 스리라차, 파, 고수, 숙주나물, 바질, 라임과 함께 제공하세요.","[""소고기 뼈 5파운드"", ""소금 1테이블스푼, 나누어서"", ""물 2갤런"", ""중간 양파 2개, 4등분하다"", ""신선한 생강 1개 (4인치)"", ""소고기 꼬리 2파운드"", ""무 1개 (무청 무), 슬라이스한"", ""완전한 팔각향신료 2온스"", ""계피 스틱 1/2개 (3인치)"", ""검은색 후춧알 1티스푼"", ""정향 2개"", ""백설탕 1테이블스푼"", ""피시소스 1테이블스푼"", ""소금 맛에 맞게""]","[""모든 재료를 준비하세요."", ""국물 만들기: 소고기 뼈를 9쿼트(또는 더 큰) 냄비에 놓고 소금 1티스푼으로 간하세요. 냄비에 물을 붓고 끓이세요. 불을 줄이고 약 2시간 동안 약불로 끓이세요."", ""한편, 오븐 랙을 열원에서 약 6인치 위에 설정하고 오븐의 브로일러를 예열하세요. 10x15인치 로스팅 팬에 알루미늄 호일을 깔아두세요."", ""양파와 껍질을 벗기지 않은 생강을 준비된 로스팅 팬에 놓고 예열된 브로일러 아래에서 익혀주되, 야채를 가끔 저어주면서 검게 그을릴 때까지 익혀주세요(10~15분)."", ""약간 식히세요. 양파를 다지고, 생강의 껍질을 벗기고 슬라이스한 후 따로 보관하세요."", ""약불로 끓이는 국물 표면에서 지방을 걷어내세요. 등심, 무, 검게 그을린 양파를 국물에 넣으세요. 검게 그을린 생강, 팔각향신료, 계피 스틱, 후춧알, 정향을 치즈천에 묶어 부케 가르니를 만들고 국물에 넣으세요. 설탕, 피시소스, 남은 소금 2티스푼을 섞으세요. 중불 이하에서 최소 4시간(길수록 좋음) 약불로 끓이세요. 소금으로 간하세요."", ""국물을 걸러내세요. 뼈와 부케 가르니를 버리세요. 뼈의 고기는 다른 용도로 보관하세요. 냉장고에서 국물을 8시간 이상 또는 밤새 식히세요."", ""차가운 국물의 윗부분에서 지방을 걷어내고 버리세요. 국물을 냄비에 붓고 끓이세요. 불을 줄이고 제공할 준비가 될 때까지 뜨거운 상태로 유지하세요."", ""냄비에 물을 끓이세요. 불을 끄세요. 쌀국수를 섞어주고 국수가 부드럽지만 쫄깃할 때까지 그대로 두세요(6~10분)."", ""한편, 냉동 등심을 종이처럼 얇게 자르세요."", ""기름기를 빼고 국수를 그릇에 나누어 담으세요. 1회 제공량당 약 1 1/2컵. 각각에 등심 슬라이스 몇 개를 올리세요. 뜨거운 국물을 등심과 국수 위에 끼얹으세요."", ""제공하고 즐기세요!""]",14,12
소고기 등심 구이와 구운 샬롯,소고기 요리,소고기 등심,"샬롯 소스는 시간이 걸리지만 충분히 가치가 있습니다. 이것은 확실히 손님을 대접할 때 만드는 요리이며, 더 많은 사람을 위해 레시피를 두 배로 늘릴 수 있습니다. 녹색 샐러드와 구운 야채와 함께 제공하세요.","[""¾ 파운드 샬롯, 길이로 반으로 자르고 껍질을 벗긴 것"", ""올리브유 1½ 큰술"", ""소금과 후추 맛에 맞게"", ""소고기 육수 3컵"", ""포트 와인 ¾컵"", ""토마토 페이스트 1½ 작은술"", ""다듬은 소고기 등심 로스트 2파운드"", ""마른 타임 1작은술"", ""베이컨 3조각, 깍둑썰기"", ""버터 3큰술"", ""만능 밀가루 1큰술"", ""장식용 물냉이 4줄기""]","[""오븐을 375°F(190°C)로 예열하세요. 9인치 파이 팬에 샬롯을 기름에 버무려 코팅하세요. 소금과 후추로 간하세요. 샬롯이 깊은 갈색이 되고 아주 부드러워질 때까지 때때로 저어주면서 약 30분간 구우세요."", ""큰 냄비에 소고기 육수와 포트를 섞으세요. 끓이세요. 양이 절반으로 줄어들 때까지 센 불에서 약 30분간 익히세요. 토마토 페이스트를 거품기로 저어주세요. 옆에 놓아두세요."", ""소고기를 톡톡 두드려 물기를 빼세요. 타임, 소금, 후추로 뿌리세요. 큰 로스팅 팬에서 중간 불로 스토브 위에 놓고 베이컨이 황금색이 될 때까지 볶으세요. 슬릿된 숟가락을 사용하여 베이컨을 키친 타올로 옮기세요. 팬에 소고기를 넣으세요. 중간 높은 불에서 모든 면이 갈색으로 익을 때까지 약 7분간 익히세요."", ""팬을 오븐으로 옮기세요. 고기 온도계를 중심부에 꽂았을 때 125°F(50°C)에 도달할 때까지 소고기를 약 25분간 구으세요. 소고기를 플래터로 옮기세요. 호일로 느슨하게 덮으세요."", ""로스팅 팬의 팬 드리핑에서 기름기를 떠내세요. 팬을 스토브 위의 센 불에 놓으세요. 육수 혼합물을 넣고 끓이세요. 갈색이 된 부분을 긁어내기 위해 저어주세요. 중간 크기의 냄비로 옮기고 약불로 끓이세요. 작은 볼에 버터 1½큰술과 밀가루를 섞어 부드러운 페이스트를 만드세요. 육수 혼합물에 거품기로 저어주고 소스가 걸쭉해질 때까지 약불로 끓이세요. 남은 버터를 거품기로 저어주세요. 구운 샬롯과 예약해둔 베이컨을 저어주세요. 소금과 후추로 간하세요."", ""소고기를 ½인치 두께로 슬라이스하세요. 약간의 소스를 떠서 얹고 물냉이로 장식하세요.""]",12,6
"비트, 오렌지, 사과 샐러드",부활절,부활절 샐러드,"이 비트와 오렌지 샐러드는 맛있고 알록달록한 샐러드입니다. 익혀진 비트의 웨지, 슬라이스한 사과, 오렌지 섹션을 맛있는 비네그레트 드레싱으로 양념하여 채썬 비트 그린 위에 떠서 올립니다.","[""1½ 파운드 비트"", ""2 컵 채썬 비트 그린"", ""1 큰 오렌지, 껍질을 벗기고 섹션으로 나눈"", ""2 그래니 스미스 사과 - 껍질을 벗기고, 씨를 제거하고 슬라이스한"", ""1 큰술 올리브 기름"", ""1 큰술 라즈베리 식초"", ""½ 작은술 백설탕"", ""¼ 작은술 소금"", ""1 쪽 마늘, 다지기"", ""2 큰술 볶은 해바라기씨""]","[""비트와 그린을 씻고 말립니다. 그린을 채썰어 2컵이 되게 하고 따로 놓아둡니다."", ""비트를 냄비에 넣고 비트가 잠길 정도로 물을 붓습니다. 끓이다, 덮고, 불을 줄이고 약불로 끓이기 20분 또는 부드러워질 때까지. 기름기를 빼고 식히도록 놓아둡니다."", ""비트의 끝을 다듬고 껍질을 벗기기; 8개의 웨지로 자르다."", ""오렌지 섹션, 비트, 사과를 그릇에 섞습니다."", ""올리브 기름, 식초, 설탕, 소금, 마늘을 함께 거품기로 저어주다; 비트 혼합물 위에 붓다 그리고 잘 버무리다."", ""4개의 샐러드 플레이트에 ½컵 비트 그린을 올리기. 비트 혼합물을 올리기, 해바라기씨를 뿌리다 그리고 제공하다.""]",10,6
갈색으로 익힌 버터 당근 시트 케이크 (갈색으로 익힌 버터-크림치즈 프로스팅),케이크,당근 케이크,이 당근 케이크는 많은 사람들을 위해 만들 수 있을 뿐만 아니라 케이크와 프로스팅 모두에 갈색으로 익힌 버터를 추가하여 더욱 맛있는 풍미를 얻습니다. 원하시면 설탕에 조린 당근 슬라이스와 구운 잘게 다진 호두로 케이크를 올리기하세요.,"[""무염 버터 1컵"", ""다목적 밀가루 1¾컵"", ""베이킹 소다 2작은술"", ""베이킹 파우더 ½작은술"", ""분쇄 계피 1½작은술"", ""분쇄 올스파이스 ½작은술"", ""분쇄 육두구 ½작은술"", ""소금 ½작은술"", ""다진 흑설탕 1컵"", ""실온의 계란 4개"", ""바닐라 추출물 1½작은술"", ""껍질을 벗기고 채썬 당근 3컵"", ""다진 호두 ½컵"", ""건포도 ½컵""]","[""버터를 밝은 색의 소스팬에 놓고 중간 불로 가열합니다. 팬을 계속 저어주면서 버터가 끓고 고소한 냄새가 나고 냄비 밑에 갈색 입자가 형성될 때까지 익히세요. 5~10분. 즉시 불에서 내려 버터를 열에 안전한 그릇에 붓습니다. 갈색으로 익힌 버터를 실온으로 식혀주세요. 약 15분."", ""오븐을 325도 F(165도 C)로 예열하세요. 12x16인치 팬에 기름을 바르고 양피지로 깔아주세요."", ""밀가루, 베이킹 소다, 베이킹 파우더, 계피, 올스파이스, 육두구, 소금을 한 그릇에 넣고 거품기로 저어주세요 잘 섞일 때까지."", ""식혀진 갈색으로 익힌 버터와 흑설탕을 전기 거품기로 중간 속도에서 휘핑하세요 큰 그릇에 잘 섞일 때까지. 계란을 한 번에 하나씩 휘핑하고 각 첨가 후 잘 섞을 때까지, 혼합물이 가볍고 부풀어질 때까지. 바닐라를 섞어주세요. 밀가루 혼합물의 1/2을 붓고 섞을 때까지만 섞으세요. 남은 밀가루 혼합물을 넣고 섞을 때까지만 섞으세요."", ""채썬 당근, 호두, 건포도를 접고 반죽을 준비된 팬에 붓고 주걱으로 윗부분을 고르게 펼치세요."", ""예열된 오븐에서 케이크가 황금색이 되고 중앙에 꽂은 이쑤시개가 깨끗하게 나올 때까지 굽습니다. 23~27분. 와이어 랙으로 옮기고 완전히 식혀주세요. 약 30분."", ""케이크가 식는 동안 프로스팅용 버터를 갈색으로 익히기 위해 1단계를 반복하세요. 실온으로 식혀주세요. 약 15분."", ""크림치즈를 전기 거품기로 중간에서 높은 속도에서 휘핑하세요 큰 그릇에 완전히 부드러워질 때까지. 식혀진 갈색으로 익힌 버터를 넣고 철저히 섞일 때까지 섞으세요. 가루 설탕을 한 번에 1컵씩 섞고 각 첨가 후 잘 섞으세요. 바닐라와 소금을 섞어주세요. 프로스팅을 중간에서 높은 속도에서 휘핑하세요 완전히 부드러워질 때까지. 1~2분."", ""식혀진 케이크 위에 프로스팅을 펼치세요. 제공할 때까지 케이크를 차게 식혀주세요.""]",14,9
브루스케타 치킨 파스타 샐러드,파스타 샐러드,파스타 샐러드,여름은 파스타 샐러드와 굽기 관련 모든 것에 완벽한 계절입니다. 이 브루스케타 치킨 파스타 샐러드는 풍미가 넘쳐나고 생생한 컬러풀한 토마토로 올리기됩니다.,"[""1파운드 뼈 없는 껍질 없는 닭가슴살"", ""1컵 비네그레트"", ""1파운드 푸실리"", ""3파인트 체리 토마토"", ""3테이블스푼 올리브 오일"", ""마늘 클로브, 다지기"", ""바질 잎"", ""맛에 따라 소금과 갓 간 검은 후추"", ""1테이블스푼 발사믹 글레이즈, 필요에 따라""]","[""닭가슴살을 평평한 작업 표면에 놓다. 중앙을 통해 수평으로 슬라이스하다, 다른 쪽까지 자르지 않도록 주의하다. 2개의 면을 열어 펼쳐진 책처럼 펼치다. 나머지 닭가슴살로 반복하다. 닭고기와 비네그레트를 재봉 가능한 플라스틱 봉지에 넣다; 봉지를 봉인하고 냉장고에 놓다 밤새 재우다."", ""야외 그릴을 화씨 400도(섭씨 200도)로 예열하다."", ""비네그레트를 버리다, 닭고기를 그릴에 놓다. 4-5분간 굽기. 톤스로 닭가슴살을 뒤집다. 육즙이 더 이상 분홍색으로 흐르지 않을 때까지 계속 익히다, 즉석 온도계가 화씨 165도(섭씨 74도), 4-5분 더를 읽을 때까지."", ""한편, 큰 냄비에 살짝 소금 친 물을 끓이기. 끓이는 물에서 푸실리를 익히기, 가끔 저어주다, 약 12분 동안 부드럽지만 쫄깃할 때까지. 파스타를 기름기를 빼다 그리고 즉시 파스타를 얼음 물 목욕에 잠그다."", ""토마토를 반으로 자르다 그리고 그릇에 놓다. 기름을 바르다, 다진 마늘, 그리고 바질을 넣다. 소금과 후추로 간하다."", ""파스타를 다시 기름기를 빼다; 토마토 혼합물에 넣다. 토마토를 분산시키고 조합하기 위해 가볍게 버무리다. 구워진 닭가슴살로 올리기, 그리고 발사믹 글레이즈를 뿌리다.""]",9,6
버팔로 치킨 윙스 항아리,버팔로 치킨 윙스,버팔로 치킨 윙스,"이 재미있는 크기의 게임데이 에피타이저는 뼈 없이, 지저분한 튀김 없이, 취한 친구들이 소스를 엎지를 위험이 없는 버팔로 윙스의 모든 매력을 담고 있습니다. 윙스 대신 닭다리살을 버터와 핫소스에 약불로 끓이기, 찢어지게 하고 셀러리와 섞습니다. 블루치즈는 함께 제공되는 크로스티니에 올려집니다: 바게트 슬라이스를 토스트하고 버터와 블루치즈를 펼쳐 올립니다.","[""1½ 파운드 뼈 있는, 껍질 있는 닭다리살"", ""1 작은술 소금"", ""¼ 컵 무염 버터"", ""¼ 컵 루이지애나식 핫소스"", ""3 큰술 물"", ""⅓ 컵 잘게 다진 셀러리"", ""1 꼬집음 카이엔 페퍼, 맛에 따라 (선택사항)""]","[""마른 소스팬을 센불로 가열하다. 팬에 껍질 아래로 다리살을 놓고 껍질이 갈색으로 익혀질 때까지 익히기, 소금으로 넉넉하게 간하기, 약 5분. 껍질이 더 이상 팬에 붙지 않으면 다리살을 뒤집다. 버터, 루이지애나 핫소스, 물을 더하기. 다리살을 버무리다 소스를 저어주기 버터가 녹을 때까지."", ""불을 줄이다 약불로, 덮고, 고기가 뼈에서 쉽게 분리될 때까지 약불로 끓이기, 약 1½ 시간. 불에서 제거하고 족집게를 사용해 고기를 더 작은 조각으로 부수기, 소스에 저어주기. 혼합물을 상온까지 식히기, 최소 20분."", ""고기를 믹싱 볼에 옮기기, 더 작은 조각으로 찢어지게 하기. 뼈, 연골, 껍질을 버리기."", ""팬에 있는 소스를 중강불로 끓이기 해오기. 약간 진해질 때까지 불을 줄이기, 약 2분. 소스를 닭고기 고기 볼에 붓다 그리고 철저히 섞기. 간을 맛보기; 소금, 카이엔, 핫소스를 필요에 따라 더하기. 셀러리를 더하고 한 번 더 섞기."", ""닭고기 혼합물을 파인트 크기 항아리나 냄비에 넣기, 원하면 한 스푼의 핫소스를 올리기, 그리고 항아리를 밀폐하기. 제공할 때까지 냉장 보관. 제공 30분 전에 냉동실에서 꺼내기 펼쳐진 것을 조금 따뜻해지도록 허용."", ""그 사이 오븐을 350도 F(175도 C)로 예열하다. 베이킹 시트에 바게트 슬라이스를 배열하기. 윗부분에 버터를 넉넉하게 기름을 바르다."", ""예열된 오븐에서 굽기 모서리가 황금색으로 변하기 시작할 때까지, 약 20분."", ""그 사이, 버터와 블루치즈를 작은 볼에서 함께 펼치다 합쳐질 때까지."", ""토스트된 바게트 슬라이스를 제거하고 약간 식히기, 오븐을 계속 켜두기. 윗부분에 블루치즈 펼침을 펼치다, 그러고 크로스티니를 계속 굽기 황금색이고 바삭할 때까지, 10-12분. 버팔로 치킨 펼침과 함께 제공하다.",7,9
시카고 스타일 매콤한 스모크하우스 토츠,캐서롤,치킨 캐서롤,"이 타터 토츠는 매콤한 소스를 입힌 닭고기, 치즈, 그리고 케소 블랑코로 가득 차 있습니다. 프랭크의 레드핫의 훌륭한 팬들을 위해 매콤하게 만들었습니다.","[""1 (32온스) 냉동 한입 크기 감자 너겟 (타터 토츠® 같은)"", ""3 큰술 올리브 기름, 나누어서, 필요에 따라"", ""3 큰술 바비큐 시즈닝, 나누어서, 입맛대로"", ""4 껍질 없는, 뼈 없는 닭다리살"", ""4 큰술 버터"", ""2½ 컵 핫 페퍼 소스 (프랭크의 레드핫® 같은), 입맛대로"", ""1 큰술 핫 허니, 입맛대로"", ""2 컵 채썬 멕시칸 스타일 치즈 혼합물"", ""1 컵 화이트 멕시칸 치즈 소스 (케소 블랑코)"", ""¼ 컵 피클 된 빨간 양파, 입맛대로"", ""1 큰술 다진 신선한 파슬리, 입맛대로""]","[""오븐을 425도 F (220도 C)로 예열하다. 테두리가 있는 베이킹 시트에 쿠킹 스프레이를 분무하다. 냉동 타터 토츠를 준비된 팬에 한 층으로 펼치다; 약 1 큰술 올리브 기름을 살짝 붓다; 약 1 큰술 바비큐 러브로 간하다. "", ""예열된 오븐에서 황금색으로 갈색으로 익히고 전체적으로 가열될 때까지 굽다, 약 25분, 또는 패키지 지시에 따라."", ""닭다리살과 남은 2 큰술 올리브 기름을 큰 볼에 놓다. 바비큐 러브로 풍부하게 간하다 (약 1 큰술); 코팅하기 위해 버무리다. 논스틱 팬에서 높은 불로 닭다리를 겉면을 강하게 굽기, 가끔 뒤집으면서, 깊은 갈색으로 익을 때까지; 불을 중간 불로 줄이다. "", ""한편, 작은 냄비에서 중불보다 약한 불로 버터를 녹이다; 핫 소스, 핫 허니를 저어주다, 그리고 바비큐 러브로 입맛대로 간하다; 약불로 끓이기까지 가열하다. "", ""팬의 닭다리살에 허니 핫 소스를 붓다; 불을 중불보다 높은 불로 높이고 닭다리살을 익히다, 소스로 계속 바스팅하면서, 닭다리살이 완전히 익을 때까지 그리고 윤기나는 글레이즈로 코팅될 때까지, 약 5분. 닭다리 국물이 맑게 나와야 하고, 중심 근처에 삽입된 즉석 온도계가 165도 F (74도 C)에 도달해야 합니다. 닭다리살을 도마에 옮기다; 닭다리살을 한입 크기의 조각으로 슬라이스하다. "", ""치즈 소스를 전자레인지에 50% 파워로 따뜻해질 때까지 돌리다, 약 1분, 매 30초마다 저어주다. "", ""타터 토츠를 서빙 접시에 올리다 (또는 베이킹 시트에 담다). 닭다리살과 팬의 남은 소스를 토츠 위에 올리다; 채썬 치즈를 뿌리다. 주방 토치를 사용하여 치즈를 녹이다. 입맛대로 추가 핫 소스와 케소 블랑코를 붓다; 피클 된 빨간 양파와 파슬리로 장식하다. ""]",11,7
다진 간 더 리얼 맥코이,하누카,하누카 에피타이저,어떤 레시피 사이트도 진정한 다진 간의 레시피 없이는 완성되지 않습니다. 이것은 파스트라미와 콘비프 샌드위치를 위한 훌륭한 에피타이저 또는 스프레드입니다.,"[""계란 4개"", ""쇠고기 간 1½파운드, 헹굼"", ""닭간 1파운드, 헹굼"", ""옥수수 기름 2큰술"", ""렌더링된 닭기름 2큰술"", ""옥수수 기름 2큰술"", ""다진 양파 4컵"", ""소금 2작은술"", ""간 검은 후추 ½작은술"", ""렌더링된 닭기름 1큰술""]","[""계란을 냄비에 한 층으로 놓고 계란을 1인치 덮을 정도의 물을 붓습니다. 냄비를 덮고 물을 센 불에서 끓이기합니다. 물이 끓기 시작하면 불에서 제거하고 계란을 뜨거운 물에 15분간 놓아둡니다. 뜨거운 물을 붓고 난 후, 계란을 싱크대의 찬 흐르는 물에 식힙니다. 식으면 껍질을 벗깁니다."", ""오븐의 브로일러를 예열하고 오븐 랙을 열원에서 약 6인치 떨어진 곳에 놓습니다."", ""쇠고기와 닭간을 옥수수 기름 2큰술로 코팅하기한 후, 간을 베이킹 시트에 펼칩니다. 예열된 오븐에서 브로일러로 간이 위에서 갈색으로 익을 때까지 8~10분간 구웁니다. 간을 뒤집고 간이 더 이상 분홍색이 아니고 육즙이 맑을 때까지 약 5분간 계속 브로일합니다. 간을 그릇에 놓고 냉장고에서 차갑게 식힙니다."", ""닭기름 2큰술과 옥수수 기름 2큰술을 큰 프라이팬에 중강 불에 가열하다합니다. 양파를 저어주다합니다; 양파가 부드러워지고 반투명해질 때까지 익히다하고 저어주다합니다, 약 10분. 불을 줄이다하여 중약불로, 양파가 매우 부드럽고 검은 갈색이 될 때까지 계속 익히다하고 저어주다합니다, 15~20분 더. 양파를 그릇에 놓고; 덮고 차갑게 될 때까지 냉장합니다."", ""차갑게 식힌 쇠고기와 닭간, 차갑게 식힌 양파, 삶은 계란을 곱게 다지고, 그릇에 놓습니다. 남은 닭기름 1큰술을 저어주다합니다. 소금과 후추로 간합니다. 제공하기 전까지 냉장합니다.""]",10,5
초리조 케소 감자 봄,에피타이저 그리고 스낵,치즈 에피타이저,"새로운 것을 시도하고 싶다면 이 초리조 케소 감자 봄을 시도해보세요. 완벽한 에피타이저로, 바깥쪽은 바삭하고 안쪽은 풍부하고 크리미합니다.","[""중간 크기 감자 2개 (길이 2~3인치)"", ""코셔 소금 2작은술"", ""익힌 다진 초리조 소시지 1/2파운드"", ""케소 딥 1/2컵"", ""채썬 몬터레이 잭 치즈 1컵"", ""큰 계란 2개"", ""빵가루 1컵"", ""기름 1큰술""]","[""냄비에 감자와 소금을 놓고 물을 한 인치 정도 덮을 정도로 넣습니다. 냄비를 강한 불에 놓고 끓이다. 8~10분 동안 부드러워질 때까지 익히다. 감자는 무르지 않아야 합니다. 기름기를 빼다 그리고 만질 수 있을 정도로 식힐 때까지 옆에 놓습니다."", ""감자를 중앙을 가로질러 슬라이스하다 반으로 자르고 중앙 살을 조심스럽게 퍼냅니다. 1/8인치의 살 테두리를 남깁니다. 소시지와 케소를 중간 크기 그릇에 섞고 저어주다 크리미할 때까지."", ""약 1작은술의 초리조 혼합물을 한 감자 반에 놓고 해당 감자 반에 1~2작은술의 채썬 치즈를 놓다. 두 반을 누르다 감자의 전분이 가능한 한 함께 유지되도록 합니다. 각 감자를 계란으로 코팅하기, 과잉분이 떨어지도록 하고 가볍게 빵가루로 코팅하기, 감자 반이 분리되지 않도록 주의합니다."", ""에어프라이어를 400도 화씨(200도 섭씨)로 예열하다. 감자에 기름이나 요리용 분무를 가볍게 분무하다."", ""필요한 경우 배치로 에어프라이하다 황금색이고 바삭할 때까지, 8~10분. 5분 동안 그대로 둔 후 서빙합니다.""]",8,5
고전 소고기 엠파나다,에피타이저 및 스낵,페이스트리 에피타이저,"이 정통 엠파나다 레시피는 소고기, 완전히 익힌 계란, 녹색 올리브, 감자를 섞은 맛있는 소를 채운 아르헨티나식 소고기 엠파나다입니다. 이 고전적인 엠파나다는 아르헨티나 전역에서 흔히 볼 수 있습니다.","[""중간 크기 감자 2개"", ""버터 1큰술"", ""양파 2개, 다지기"", ""파란 양파 3개, 다지기"", ""빨간 파프리카 1개, 다지기"", ""살코기 소고기 1파운드"", ""파프리카 1작은술"", ""카옌 페퍼 ½작은술"", ""소금 맛에 맞게"", ""녹색 올리브 ¾컵, 씨 제거하고 다지기"", ""완전히 익힌 계란 2개"", ""올리브유 1큰술"", ""엠파나다 페이스트리 라운드 24개"", ""계란 1개, 가볍게 휘핑하기""]","[""감자를 큰 냄비에 놓고 물로 덮기; 끓이다. 불을 줄여 중약불로 약불로 끓이기 약 8분간 거의 부드러워질 때까지. 기름기를 빼기. 식을 수 있을 정도로 식혀서, 껍질을 벗기고 자르기 정육면체로. 옆에 두기."", ""한편, 큰 스킬렛에서 버터를 녹이고 양파와 파란 양파를 익히기 부드러워질 때까지, 약 5분. 파프리카를 더하고 익히기 3분. 소고기를 더하기; 익히고 저어주기 소고기가 갈색으로 익혀질 때까지, 약 5분. 파프리카, 카옌 페퍼, 소금으로 간하기."", ""소고기 혼합물을 불에서 제거하기; 감자와 올리브를 더하기. 다진 완전히 익힌 계란을 저어주기; 소를 옆에 두기 식기, 약 20분."", ""오븐을 화씨 425도(섭씨 220도)로 예열하기. 2개의 구이판을 알루미늄 호일로 덮고 올리브유로 가볍게 기름을 바르기."", ""엠파나다 페이스트리 라운드를 평평한 표면에 놓고 가장자리를 따뜻한 물로 가볍게 적시기. 식혀진 소를 큰 스푼으로 중앙에 놓고 반죽을 접기. 포크로 누르기 가장자리를 봉인하기. 남은 라운드와 소로 반복하기. 엠파나다를 준비된 구이판으로 옮기고 휘핑한 계란으로 붓기."", ""예열된 오븐에서 굽기 황금색으로 익혀질 때까지, 15~20분.",14,6
편안한 스켈롭 감자,부활절,스켈롭 감자,따뜻한 소망과 배를 채워주는 For The Love Of The South의 Amber Wilson의 이 맛있는 요리로 축복하세요,"[""2파운드 유콘 골드 감자, 껍질을 벗기다, 슬라이스하다 1/4인치 두께"", ""마늘 정향 1개"", ""4큰술 무염 버터, 녹인 것, 팬에 기름을 바르다용 추가"", ""2컵 헤비크림"", ""1큰술 신선한 타임, 잎사귀만"", ""1컵 신선하게 강판에 간 파마산 치즈, 나눈 것"", ""소금과 후추 맛에 맞게"", ""Reynolds Wrap® 알루미늄 포일""]","[""예열하다 오븐을 375도 F로. Reynolds Wrap® 알루미늄 포일로 테두리가 있는 베이킹 시트를 깐다. 옆에 놓아두다. 시트는 나중에 오븐의 모든 흘린 것을 잡을 것이다."", ""감자 슬라이스를 큰 냄비에 놓다 그리고 차가운 물로 덮다. 소금으로 간하다 그리고 5분 동안 끓이기 시작한다. 콜랜더에 기름기를 빼다 그리고 감자가 1분 동안 찌도록 놔둔다."", ""마늘 정향으로 10인치 베이킹 접시를 문지르다 그리고 관대하게 접시에 버터를 바르다. 마늘을 잘게 다지다. 옆에 놓아두다."", ""가열하다가 꺼진 상태에서, 감자를 냄비에 옮기다 그리고 헤비크림, 타임, 파마산 치즈의 절반, 다진 마늘, 녹인 버터, 소금과 후추를 더한다. 감자가 잘 코팅하기될 때까지 모든 재료를 저어주다."", ""감자를 버터를 바른 베이킹 접시에 서로 위에 올리기 한다. 감자 위에 남은 액체를 붓다. 베이킹 접시를 준비된 베이킹 시트에 놓다. 베이킹 접시를 포일로 덮다 그리고 40분 동안 굽다. 베이킹 접시에서 포일을 제거한다, 남은 치즈를 더하고 15-20분 동안 굽다, 또는 황금빛 갈색으로 익힐 때까지.""]",8,5
카피캣 치킨 프리타,이탈리안,이탈리안,이 카피캣 치킨 프리타는 아시아고와 빵가루 코팅으로 살짝 바삭하게 튀긴 육즙 많은 치킨 커틀릿을 펫투치니 위에 얹고 고급스러운 크림 아시아고 치즈 소스를 곁들인 요리입니다. 올리브 가든의 대표 메뉴를 직접 만든 이 버전을 사랑할 것입니다.,"[""페투치니 12온스"", ""이탈리안 1 1/2컵"", ""다목적 밀가루 1/4컵"", ""아시아고 치즈 2 1/2컵 (나누어서)"", ""전유 1컵"", ""4온스 치킨 브레스트 커틀릿 4개"", ""코셔 소금 3티스푼 (나누어서)"", ""검은 후추 1/2티스푼 (나누어서)"", ""튀김용 식용유 2컵 또는 필요에 따라"", ""무염 버터 1/4컵"", ""마늘 1테이블스푼"", ""헤비 휘핑 크림 1 1/2컵"", ""파슬리 1테이블스푼""]","[""오븐을 200도 F (95도 C)로 예열하기. 림이 있는 베이킹 시트에 종이 타올을 깔고 그 위에 와이어 랙을 놓기."", ""큰 냄비에 소금을 약간 넣은 물을 붓고 끓이기. 페투치니를 끓이다가 약 8분간 익혀 쫄깃한 식감이 나도록 익히기. 콜렌더에 파스타를 기름기를 빼고 파스타 국물 1 1/2컵을 따로 담아두기. 페투치니를 따로 담아두고 냄비는 비워두기."", ""파스타가 익는 동안 빵가루, 밀가루, 아시아고 1/2컵을 얕은 그릇에 섞기. 우유를 따로 얕은 그릇에 붓기. 치킨 양면에 소금 1티스푼과 후추 1/4티스푼으로 간하기. 커틀릿 하나씩 빵가루 혼합액에 입히고 우유에 찍어 먹은 후 빵가루 혼합액에 다시 코팅하고 단단히 누르기. 준비된 치킨을 접시에 놓기."", ""큰 팬에 기름을 1/4인치 깊이로 붓고 중간-높은 불에서 가열하여 350도 F (175도 C)에 도달하게 하기. 준비된 치킨을 뜨거운 기름에 놓고 한쪽에 2~3분씩 팬에서 튀기다 갈색으로 익혀 익혀지도록 하기. 튀긴 치킨을 준비된 와이어 랙에 옮기기. 모든 치킨이 튀겨지면 종이 타올 제거하기."", ""베이킹 시트를 예열된 오븐에 놓아 제공할 때까지 치킨을 따뜻하게 유지하기."", ""비워둔 파스타 냄비에서 중간 불에 버터를 녹이기. 마늘을 넣고 계속 저어주다 향이 나고 버터가 거품이 날 때까지 약 2분간 익히기. 헤비 크림을 저어주고 거품이 날 때까지 약 2분간 익히기. 남은 아시아고 2컵을 거품기로 저어주면서 걸쭉해질 때까지 약 1~2분간 익히기."", ""익힌 파스타를 넣고 남은 소금 2티스푼과 후추 1/4티스푼을 넣어 계속 저어주다 파스타가 소스로 코팅될 때까지 약 2분간 익히고, 필요에 따라 예약해둔 파스타 국물을 1/4컵씩 넣어 소스를 진하지 않게 하기."", ""치킨을 슬라이스하기. 파스타를 4개의 큰 접시에 나누어 담고 치킨을 올리고 파슬리로 장식하기.""]",13,8
"바삭한 순무 ""프라이""",저칼로리,저칼로리 곁요리,"맛있는 바삭한 순무 ""프라이."" 제 딸들과 저는 저탄수화물 식단을 하고 있으며 감자튀김 갈증을 해소할 무언가를 찾고 있었습니다. 순무로 훌륭한 프라이를 만들 수 있다는 것을 들었습니다. 실험해본 결과 이것을 만들었습니다. 원하는 향신료를 추가할 수 있습니다.","[""순무 3파운드"", ""식용유 1스푼"", ""파마산 치즈 1/3컵"", ""마늘 소금 1작은술"", ""파프리카 1작은술"", ""양파 파우더 1작은술""]","[""오븐을 화씨 425도(섭씨 220도)로 예열하다. 베이킹 시트에 알루미늄 호일을 깔고 살짝 기름을 바르다."", ""순무를 껍질을 벗기다, 프렌치 프라이 크기의 스틱으로 자르다, 약 1/3인치 x 4인치. 큰 볼에 놓다 그리고 식용유로 버무리다 코팅하기."", ""파마산, 마늘 소금, 파프리카, 양파 파우더를 재봉 가능한 플라스틱 봉지에 섞다; 잘 섞일 때까지 흔들다."", ""순무를 봉지에 놓다 그리고 향신료로 고르게 코팅될 때까지 흔들다."", ""준비된 베이킹 시트에 펼치다."", ""예열된 오븐에서 굽다 바깥쪽이 바삭해지고 안쪽이 부드러워질 때까지, 약 20분. 바로 제공하다.""]",6,6
향신료를 곁들인 맛있는 계피 롤 복숭아 코블러,Cobblers,Peach Cobbler,이 복숭아 코블러는 만들기 쉽고 매우 맛있습니다. 구입한 계피 롤을 사용하면 더 빠르게 만들 수 있습니다. 원하면 바닐라 아이스크림과 함께 제공하세요.,"[""분무하다 요리용"", ""1컵 중력분"", ""½컵 꽉 채운 황설탕"", ""½컵 버터, 깍둑썬"", ""¼작은술 조지아 복숭아 향신료 (Savory Spice Shop®와 같은)"", ""¼작은술 소금""]","[""오븐을 175°C(350°F)로 예열하세요. 9x9인치 베이킹 접시를 분무하기로 코팅하세요."", ""푸드 프로세서에서 밀가루, 황설탕, 버터, 복숭아 향신료, 소금을 함께 갈다 완두콩 크기의 부스러기처럼 될 때까지. 혼합물을 준비된 베이킹 접시의 바닥에 누르기."", ""예열된 오븐에서 크러스트를 약 15분간 황금색이고 고정될 때까지 굽다."", ""크러스트를 굽는 동안, 냄비를 중불로 가열하다. 보관된 복숭아 주스를 냄비에 붓다; 설탕, 옥수수 전분, 복숭아 향신료를 저어주다 부드러워질 때까지. 끓이다; 익히다 그리고 저어주다 걸쭉해질 때까지, 약 2분. 불에서 제거; 통조림 및 냉동 복숭아를 저어주다."", ""오븐에서 크러스트를 제거하고 5분 동안 식히기. 복숭아 혼합물을 크러스트에 붓다."", ""예열된 오븐에서 약 20분간 끓을 때까지 굽다."", ""한편, 계피 롤을 함께 혼합하여 정사각형 페이스트리 디스크를 만듭니다. 밀가루를 뿌린 작업 표면에서 롤링 핀으로 디스크를 펼칩니다. 피자 커터를 사용하여 얇은 스트립으로 자르다. 스트립을 함께 엮어 격자 토핑을 만듭니다."", ""오븐에서 베이킹 접시를 제거; 복숭아 위에 격자를 올리기. 오븐 온도를 190°C(375°F)로 올립니다."", ""예열된 오븐에서 약 12분간 황금색으로 갈색으로 익힐 때까지 코블러를 굽다. 포함된 계피 롤 아이싱을 격자 크러스트 위에 붓다. 따뜻하게 제공하세요.""]",6,9
쉬운 베이킹 팔라펠과 오이-요거트 소스,팔라펠,팔라펠,"중동식 병아리콩과 향신료 '미트볼'인 팔라펠을 오븐에서 튀겨 칼로리를 낮춘 샌드위치입니다. 구운 피타 웨지 또는 피타 포켓, 깍둑썰기한 토마토, 채썬 상추, 오이 슬라이스와 함께 제공하세요.","[""분무하다 조리용"", ""올리브 기름 2큰술, 나누어서"", ""병아리콩 1캔(15온스), 기름기를 빼고 헹군"", ""양파 ¾개, 깍둑썰기"", ""신선한 고수 다진 것 ¼컵"", ""신선한 파슬리 다진 것 ¼컵"", ""마늘 3쪽, 으깬"", ""작은 레몬 1개, 제스트"", ""ground cumin ½작은술"", ""kosher salt ½작은술"", ""red pepper flakes ½작은술"", ""baking powder ½작은술"", ""all-purpose flour ⅓컵"", ""계란 1개, 휘핑한""]","[""9x13인치 금속 베이킹 팬에 분무하다 조리용과 올리브 기름 1큰술을 코팅하고 오븐에 놓다. 오븐을 375도 화씨(190도 섭씨)로 예열하다. C"", ""팔라펠 믹스에서 병아리콩, 양파, 고수, 파슬리, 마늘, 레몬 제스트, cumin, 소금, red pepper flakes, baking powder를 푸드 프로세서에서 갈다. 파스티가 되지 않을 때까지 다지기하고 볼에 옮기고 밀가루와 계란을 섞어 완전히 섞는다."", ""오븐에서 베이킹 팬을 제거하세요. 골프공 크기의 병아리콩 혼합물을 뜨거운 팬에 떠서 넣다."", ""예열된 오븐에서 15~20분 동안 굽다. 팔라펠을 남은 올리브 기름으로 칠하고 뒤집다. 양쪽이 황금색이 될 때까지 계속 굽다, 15~20분 더."", ""한편, 요거트, 오이, 레몬 주스, 마늘을 볼에 섞다. 소금과 카이엔 페퍼로 간하다. 냉장고에 보관했다가 제공할 준비가 되면 꺼내다."", ""팔라펠을 요거트 소스와 함께 제공하다.""]",14,6
가지 롤라티니,메인 디시,가을 메인 디시,"이탈리안 레스토랑에서 맛있는 가지 롤라티니를 먹은 후, 나는 꼭 이것을 만드는 법을 배워야겠다고 결심했다! 내 레시피를 즐기길 바란다.","[""1개 가지, 껍질을 벗기고 세로로 ¼인치 슬라이스하기"", ""1개 계란, 휘핑한"", ""1컵 이탈리안 시즈닝 빵가루"", ""2큰술 올리브 기름"", ""1컵 리코타 치즈"", ""10장 프로슈토"", ""1개(14온스) 토마토 파스타 소스"", ""2컵 채썬 모차렐라 치즈"", ""1파운드 엔젤헤어 파스타(선택사항)""]","[""재료를 준비한다."", ""가지 슬라이스를 계란에 찍어 먹고, 빵가루로 코팅하기. 올리브 기름을 큰 스킬렛에 기름을 바르고 중불-강불에서 가열하다."", ""가지 슬라이스를 양쪽에서 갈색으로 익히기까지 튀기기. 종이 수건이 깔린 접시에 기름기를 빼기. 오븐을 350도 F(175도 C)로 예열하다."", ""각 가지 슬라이스에 리코타 치즈 얇은 층을 펼치기. 각각에 프로슈토 한 장을 놓기. 단단히 말아서, 9x13인치 베이킹 디시에 봉제선 아래로 놓기. 가지 롤에 토마토 파스타 소스를 붓기, 그리고 채썬 모차렐라 치즈로 올리기."", ""예열된 오븐에서 15분간 굽기, 치즈가 녹고 약간 갈색으로 될 때까지."", ""가지 롤라티니를 파스타 위에 제공하고 싶다면, 가지 롤이 구워지는 동안 소금을 약간 넣은 물 냄비를 큰 냄비에서 끓이기로 가져오기. 파스타를 넣고, 부드러워질 때까지 2~3분 동안 익히기. 기름기를 빼기."", ""가지 롤과 소스를 파스타 위에 제공하다.""]",9,7
수제 글루텐 프리 뇨끼,덤플링,덤플링,"이 글루텐 프리 뇨끼는 글루텐 없이도 탱탱한 식감의 감자 맛이 난다. 이 레시피는 이탈리아 요리사들이 열을 낭비하지 않기 위해 감자를 식혀가는 화덕이나 오븐에 던졌던 과거의 비법을 사용한다. 잉여 구운 감자가 뇨끼가 되었는데, 수분이 매우 적기 때문이다(탄탄한 뇨끼의 비결) 그리고 맛있는 구운 감자 풍미를 가지고 있다!","[""감자 1½파운드"", ""실온의 계란 1개, 가볍게 휘핑한 것"", ""감자 전분 ⅓컵"", ""달콤한 쌀가루 1큰술"", ""고운 소금 ½작은술"", ""쌀가루 2큰술, 필요에 따라""]","[""오븐을 400도 F(200도 C)로 예열하다. 각 감자를 포크로 여러 번 구멍을 뚫고 베이킹시트에 놓다."", ""감자를 예열된 오븐에서 칼로 찔렀을 때 부드러워질 때까지 약 50분간 굽다. 약 10분간 다룰 수 있을 정도로 식히다."", ""감자의 껍질을 벗기고 리서 또는 푸드 밀을 통해 큰 볼에 넣다. 중앙에 우물을 만들고 계란을 붓다; 잘 섞다."", ""감자 전분, 달콤한 쌀가루, 소금을 볼에서 거품기로 저어주다. 감자 혼합물 위에 뿌리다; 부드러운 반죽이 형성될 때까지 저어주다. 나이프나 페이스트리 커터로 반죽을 4등분으로 자르다."", ""반죽이 들러붙지 않도록 작업 표면에 쌀가루를 뿌리다. 반죽 1조각을 약 1인치 지름의 줄 모양으로 펼치다. 1인치 뇨끼로 자르다. 각각을 포크의 뒷면으로 부드럽게 굴려 홈을 만들다. 남은 반죽으로 반복하다."", ""과량의 쌀가루를 털어내고 뇨끼를 약 5분간 휴지시키다."", ""큰 냄비에 소금물을 끓이기. 뇨끼를 한 번에 몇 개씩 넣고 위로 떠올랐을 때까지, 1~2분간 저어주지 말고 익히다. 슬롯 스푼으로 빼내다.""]",6,7
에어프라이어 토르티야 칩을 곁들인 핫 빈 앤 베이컨 딥,나초,나초,"게임 데이, 포트럭, 또는 모임에 완벽한 딥입니다. 에어프라이된 토르티야 칩과 함께 제공합니다. 남은 것들은 밀가루 토르티야에 싸서 콩과 치즈 부리토로, 또는 옥수수 토르티야에 싸서 빠른 타코로 즐길 수 있습니다.","[""아보카도유 분무"", ""½파운드 베이컨"", ""½컵 다진 양파"", ""1캔(4온스) 다진 그린 칠레(Ortega®와 같은)"", ""2쪽 마늘, 다지기"", ""1캔(29온스) 핀토 콩, 물을 포함한"", ""½컵 닭 국물"", ""1작은술 칠리 파우더"", ""2큰술 크림 치즈"", ""맛에 따라 소금과 간 검은 후추"", ""1컵 채썬 샤프 체다 치즈"", ""1컵 채썬 페퍼 잭 치즈"", ""12개(6인치) 옥수수 토르티야""]","[""오븐을 350도 F(175도 C)로 예열합니다. 8x8인치 베이킹 접시에 가볍게 분무합니다."", ""베이컨을 큰 팬에 놓고 중불에서 익히되 가끔 뒤집으면서 약 10분간 갈색으로 익힙니다. 베이컨을 종이 타월에 기름기를 빼고 식힙니다. 한 번 식으면 부숴집니다."", ""같은 팬에서 양파를 볶기하여 투명해질 때까지, 4~5분간 익힙니다. 그린 칠레와 마늘을 넣고 2분 더 익힙니다. 핀토 콩을 넣고 끓입니다. 닭 국물과 칠리 파우더를 저어줍니다. 불을 줄이고 콩을 으깹니다. 약간 걸쭉해질 때까지 약불로 끓이기합니다(5~6분). 크림 치즈를 넣고 녹을 때까지 저어줍니다. 약간 걸쭉해질 때까지 약불로 끓이기합니다(5~6분). 베이컨을 넣고 잘 섞일 때까지 저어줍니다. 소금과 후추로 간합니다."", ""콩 혼합물 절반, 페퍼 잭 ½컵, 체다 치즈 ½컵을 준비된 베이킹 접시에 켜켜이 놓습니다. 층을 반복합니다."", ""덮은 상태로 예열된 오븐에서 15분간 굽습니다. 뚜껑을 열고 치즈가 녹거나 살짝 갈색으로 변할 때까지 5~7분 더 굽습니다."", ""그 사이에 제조사의 지시에 따라 에어프라이어를 350도 F(175도 C)로 예열합니다."", ""각 토르티야를 4등분으로 자릅니다. 각 토르티야의 양쪽에 아보카도유를 분무합니다. 에어프라이어 바구니에 한 층으로 놓습니다. 4~6분간 에어프라이합니다. 뒤집고 바삭해질 때까지 2~3분 더 익힙니다. 빨리 타기 때문에 바구니를 계속 확인하세요. 소금을 뿌리고 핫 딥과 함께 제공합니다.""]",13,7
히친,빵,납작한 빵,히친은 러시아 캅카스 산맥(엘브루스 지역)의 발카르 민족의 전통 요리입니다. 치즈와 감자 속을 가진 이 납작한 빵은 전통적으로 주철 팬에서 익히고 마늘과 딜 소스와 함께 제공됩니다.,"[""2¼ 파운드 감자, 껍질을 벗기지 않은"", ""5⅓ 컵 만능 밀가루"", ""1 컵 버터밀크"", ""1 컵 실온의 물"", ""1 작은술 소금, 필요에 따라 추가"", ""2¼ 파운드 신선한 모차렐라 치즈, 채썬"", ""¼ 파운드 버터, 녹인""]","[""감자를 큰 냄비에 놓고 소금물로 덮으세요; 끓이다. 불을 중불로 줄이고 약불로 끓이기 부드러워질 때까지, 약 20분. 기름기를 빼다."", ""밀가루, 버터밀크, 물, 1 작은술 소금을 그릇에 섞으세요. 거품기로 저어주다 포크로; 반죽이 걸쭉해지면 손으로 치대기 시작하세요. 적어도 10분 동안 치대고, 모든 힘을 들여서 치대면 밀기에 덜 노력이 필요할 것입니다. 덮고 반죽을 휴지시키다 적어도 30분."", ""삶은 감자의 껍질을 벗기다 으깨다 그릇에. 모차렐라 치즈를 넣고 잘 섞으세요. 혼합물이 너무 밋밋하면 소금을 넣으세요. 속을 12개의 공으로 나누고; 접시나 베이킹 시트에 놓고 덮으세요."", ""반죽을 12개의 공으로 나누세요; 이것들은 속 공보다 작을 것입니다. 접시나 베이킹 시트에 놓고 덮으세요."", ""반죽 1조각을 작은 납작한 원형으로 펼치세요. 중앙에 속 공을 놓으세요; 반죽의 가장자리를 들어올려 공을 반죽으로 싸세요. 남은 반죽과 속으로 반복하세요."", ""무거운 밑바닥의 튀김팬을 중불 위에 가열하세요; 기름이나 그리스를 사용하지 마세요. 녹인 버터를 그릇에 놓으세요. 작업 표면에 넉넉한 양의 밀가루를 뿌리세요. 조심스럽고 부드럽게 공을 밀기 시작하세요; 반죽은 처음에 다루기 힘들 것입니다. 굴려서 롤핑 핀으로 너무 세게 누르지 않도록 주의해서 찢어지는 것을 피하세요; 약 1/4인치 두께의 원형으로 밀기."", ""뜨거운 팬에 히친을 놓으세요. 튀기다 황금갈색 자국이 나타날 때까지, 약 2분. 필요하면 칼로 뚫어서 공기를 빼세요. 뒤집고 다른 쪽에서 익히다, 약 2분 더. 버터를 넉넉하게 바르고 접시로 옮기세요. 남은 공들로 반복하고 익힌 히친을 접시에 쌓으세요."", ""전체 히친 스택을 파이처럼 8개의 슬라이스로 자르세요.""]",7,8
기아다의 시트팬 라자냐 방식을 시도했고 절대 돌아가지 않을 것입니다,저녁 식사,시트팬 저녁 식사,"이 시금치와 아티초크 시트팬 라자냐는 기아다의 바이럴 레시피에서 영감을 받았으며, 소시지, 시금치, 아티초크로 가득 차 있습니다. 치즈가 풍부하고 황금색이며 거품이 이는 라자냐의 모든 좋은 맛을 가지고 있지만, 조립은 훨씬 더 간단합니다.","[""라자냐 면 16온스"", ""올리브 오일 1큰술,"", ""마늘 2쪽,"", ""신선한 시금치 8컵,"", ""리코타 치즈 3/4컵"", ""소금과 갓 간 검은 후춧가루 취향에 맞게"", ""강판에 간 파르메산 치즈 1컵"", ""이탈리안 소시지 1파운드"", ""아티초크 하트 1개(14온스) 캔"", ""생크림 1 1/2컵"", ""빨간 고추 플레이크 1/4작은술"", ""채썬 모차렐라 치즈 1 1/2컵"", ""다진 신선한 바질 또는 파슬리""]","[""모든 재료를 준비하세요."", ""큰 냄비에 소금물을 끓이기; 라자냐 면을 넣고 4~5분간 익히기. 기름기를 빼다, 라자냐 냄비 또는 큰 그릇에 올리브 오일 1큰술에 버무리다, 그리고 따로 놓아두세요."", ""큰 스킬렛에 올리브 오일을 한두 줄 붓고; 중불에 놓고 마늘을 사우테하기 향이 날 때까지, 약 30초. 시금치 2컵을 넣고 익히다 살짝 시들 때까지, 약 3분. 팬에서 꺼내고 부엌 가위를 사용하여 시금치를 대충 다지다; 작은 그릇에 넣고 리코타와 파르메산 1/4컵에 저어주다. 소금과 후춧가루로 간하다. 따로 놓아두세요."", ""같은 스킬렛에서 소시지를 중불에서 익히다 갈색으로 익혀지고 완전히 익을 때까지, 부스러기로 부수면서, 약 5분. 아티초크를 넣고 사우테하기 2~3분. 생크림을 붓다 그리고 약한 불로 끓이기로 가져가세요. 소금, 후춧가루, 빨간 고추 플레이크로 간하다. 약불로 끓이기 약간 진해질 때까지, 2~3분, 그런 다음 남은 시금치에 저어주다 그리고 익히다 살짝 시들 때까지."", ""소시지 혼합물을 라자냐 면에 붓다. 파르메산 1/2컵과 모차렐라의 반을 저어주다. 치즈가 녹고 라자냐 면이 완전히 코팅될 때까지 섞으세요."", ""오븐을 화씨 425도(섭씨 220도)로 예열하다. 18x13인치 베이킹 시트 또는 9x13인치 베이킹 접시에 가볍게 기름을 바르다."", ""파스타 혼합물을 준비된 팬에 펼치다. 리코타-시금치 혼합물을 위에 한 스푼씩 떠서 올리다. 모차렐라 치즈와 파르메산을 전체 표면에 뿌리다."", ""예열된 오븐에서 굽다 거품이 나고 황금색이 될 때까지, 15~20분. 선택적으로, 더 황금색 크러스트를 원하면, 오븐의 브로일러를 켜고 브로일하기 맨 위를 1~2분. 약간 식히고, 원하면 신선한 허브로 장식하고, 자르다 정사각형으로 제공하다.",13,8
할라피뇨 베이컨 체다 디바일드 에그,Appetizers And Snacks,Deviled Eggs,"이 할라피뇨 베이컨 체다 디바일드 에그 레시피는 고전 요리의 변형으로, 맛있는 베이컨, 맛있는 체다, 그리고 매운 할라피뇨가 추가된 디바일드 에그입니다.","[""12개의 큰 계란"", ""4조각 베이컨"", ""3개의 할라피뇨 고추"", ""1컵 잘게 채썬 샤프 체다 치즈"", ""⅓컵 마요네즈"", ""¼개 빨간 양파, 다지기"", ""2큰술 매운 갈색 겨자"", ""1꼬집 파프리카, 맛에 맞춰""]","[""계란을 냄비에 놓고 물로 덮으세요. 끓이다, 불에서 제거하고, 계란을 물에 15분 동안 불리세요. 물에서 계란을 제거하고, 찬 흐르는 물에 식히고, 껍질을 벗기세요."", ""베이컨을 큰 프라이팬에 놓고 중불에서 익히고, 가끔 뒤집으면서 고르게 갈색으로 익히세요, 약 10분. 종이 타월 위에 기름기를 빼세요; 식으면 부서뜨리세요."", ""할라피뇨에서 씨와 줄기를 제거하세요; 1개 고추를 다지고 남은 2개 고추를 24개의 아주 얇은 줄로 슬라이스하세요; 따로 놓아두세요."", ""계란을 반으로 세로로 자르세요; 노른자를 그릇에 놓으세요. 포크로 으깨세요; 다진 할라피뇨, 체다 치즈, 마요네즈, 빨간 양파, 겨자를 저어주세요."", ""계란 흰자, 잘린 면이 위로 가도록 서빙 접시에 놓으세요. 노른자 혼합물을 계란 흰자 반으로 떠서 넣으세요; 각 노른자에 고추 줄을 넣으세요; 부서진 베이컨과 파프리카를 뿌리세요.""]",8,5
조이의 그린 바나나 샐러드,과일 샐러드,과일 샐러드,"내가 푸에르토리코에 있을 때 만든 레시피로 그린 바나나, 단 양파, 베이컨을 식초 드레싱으로 만든 요리입니다. 북미 친구들에게 제공했고 그들도 좋아합니다. 똑같은 감자 샐러드 대신 제공하기에 훌륭합니다. 뭔가 새로운 것을 시도해보시겠어요?","[""6개의 작은 익지 않은 (그린) 바나나"", ""2큰술 올리브유, 나누어서"", ""1개의 녹색 피망, 얇은 고리로 슬라이스하다"", ""1컵 작은 새우 - 껍질을 벗기다와 내장 제거"", ""1컵 게살"", ""1개의 단 양파, 다지다"", ""1꼬집 소금과 후추 맛보기"", ""1작은술 흰설탕"", ""¾컵 레드 와인 식초"", ""2슬라이스 바삭한 익힌 베이컨, 부스러진"", ""1개의 완전히 익힌 계란, 껍질을 벗기다와 슬라이스하다 (선택사항)""]","[""큰 냄비의 물을 끓이기. 바나나의 끝을 자르다, 그리고 껍질 아래로 세로로 슈릿을 만들다. 바나나를 끓는 물에서 부드러워질 때까지 익히다 (감자와 유사하게). 기름기를 빼다, 식히다, 그리고 껍질을 제거하다. 작은 조각으로 자르다 그리고 제공 그릇에 놓다. 1큰술의 올리브유를 조각 위에 붓다, 그리고 저어주다 코팅하기."", ""한편, 중불-강불에서 남은 1큰술의 기름을 가열하다 팬에서. 새우와 게를 넣다, 그리고 튀기다 다 익을 때까지, 약 5분. 식히기 위해 옆에 놓다."", ""양파, 녹색 피망 그리고 해산물을 바나나에 그릇에 넣다. 별도의 그릇에서, 거품기로 저어주다 레드 와인 식초, 설탕 그리고 베이컨 조각을 함께. 붓다 이 혼합물을 바나나 위에, 그리고 버무리다 가볍게 코팅하기. 간하다 소금과 후추. 장식하다 완전히 익힌 계란의 슬라이스로 원하면.""]",11,3
레몬 치킨 피카타,Mother'S Day,Mother'S Day,This delicious chicken piccata dish is exquisite and easy to prepare. The light and luscious lemon sauce really pops without being too acidic; it is simply divine. I love to serve this with herb-roasted potatoes or lemon-rice pilaf.,"[""3 large skinless, boneless chicken breast halves - ½인치 메달리온으로 자르다"", ""salt and pepper to taste"", ""½ cup all-purpose 밀가루를 뿌리다"", ""2 tablespoons vegetable oil, or as needed"", ""1 clove garlic, 다지기"", ""1 cup low sodium chicken broth"", ""½ lemon, thinly sliced (Optional)"", ""¼ cup fresh lemon juice"", ""2 tablespoons capers, drained and rinsed"", ""3 tablespoons butter"", ""2 tablespoons minced Italian (flat-leaf) parsley""]","[""예열하다 the oven to 200 degrees F (95 degrees C). 놓다 a serving platter into the oven to warm."", ""간하다 chicken breast pieces with salt and pepper and dredge them in flour. Shake off excess flour. 가열하다 vegetable oil in a skillet; pan-fry the chicken pieces until golden brown on both sides, about 3 minutes per side. Work in batches and do not crowd skillet, adding oil as needed. 놓다 chicken pieces onto the warmed platter in the oven. When finished with all of the chicken, 기름기를 빼다 most of the oil from the skillet, leaving a thin coating on the surface of the pan."", ""익히다 and 저어주다 minced garlic in the skillet until fragrant, about 20 seconds. 붓다 in chicken broth; scrape and 저어주다 any brown bits from the bottom of the skillet. 저어주다 in lemon slices and bring the mixture to a 끓이기. Let cook, 저어주다 occasionally, until the sauce reduces to about 2/3 cup, 5 to 8 minutes. Add lemon juice and capers; 약불로 끓이기 until sauce is reduced and slightly thickened, about 5 minutes more. Drop butter into the skillet and swirl it into sauce by tilting the skillet until butter is melted and incorporated. Add parsley; remove from heat and set aside."", ""Arrange chicken medallions on serving plates and 떠서 넣다 sauce over each portion to 제공하다.""]",11,4
으깬 감자 그라탕,셰프 존,셰프 존의 반찬,이 멋진 으깬 감자 그라탕은 내가 가장 좋아하는 감자 반찬인 으깬 감자와 내가 가장 좋아하는 다른 감자 반찬인 감자 그라탕의 조합이다. 버터향이 풍부하고 부드러운 으깬 감자 위에 바삭하고 치즈향이 나는 감자가 올려진 완전히 새로운 감자 요리이다.,"[""큰 러셋 감자 6개, 껍질을 벗기고 4등분하다"", ""코셔 소금 3큰술"", ""무염 버터 1/2컵, 작은 조각으로 자르다"", ""소금"", ""카옌 페퍼 1개"", ""우유 3/4컵"", ""콩테 치즈 4온스""]","[""오븐을 450도 F(230도 C)로 예열하고 13x9인치 베이킹 접시에 버터를 기름을 바르다."", ""으깬 감자를 위해 4등분하다 러셋 감자를 냄비에 넣고 3큰술의 소금과 2인치 위까지 찬물을 넣는다. 센 불에서 끓이다 약불로 줄이고 날카로운 칼로 찔렀을 때 부드럽지만 흐물흐물하지 않을 때까지 약불로 끓이기(15~20분). 기름기를 빼다."", ""감자를 냄비에 되돌리고 거의 부드러워질 때까지 으깨다. 버터, 소금, 카옌 페퍼를 넣는다. 부드러워질 때까지 으깨다."", ""우유와 4온스 채썬 치즈를 넣고 으깨다 섞어서 고르게 섞인다. 준비된 베이킹 접시에 펼치다 균등하게 펼쳐서 윗면을 부드럽게 한다. 윗면에 소금과 간하다 간을 한다."", ""그라탕 감자층을 위해 각 반쪽 감자를 1/8인치 두께로 슬라이스하다."", ""감자를 약간 각도로 펼쳐서 놓다 으깬 감자 위에 놓다. 남은 반쪽 감자를 반복해서 표면을 덮으면서 가로로 4줄, 감자 반쪽으로 2개 길이로 총 8개 반쪽을 사용한다. 감자와 접시의 크기에 따라 배치를 조정해야 할 수도 있다."", ""슬라이스한 감자에 후하게 소금을 뿌리고 녹인 버터를 후하게 칠한다. 2온스 채썬 치즈를 뿌리고 강판에 간 파르미지아노-레지아노로 마무리한다."", ""예열된 오븐에서 윗면 슬라이스한 감자가 칼로 찔렀을 때 부드러울 때까지 굽다(약 1시간).",7,8
지중해 카세롤,카세롤,해산물 카세롤,"다이어트 중이거나 풍미 있는 이탈리안 요리를 좋아한다면 이것이 완벽한 선택입니다. 이탈리아에서는 보통 전식 후에 제공되지만, 토스트한 샐러드와 함께 메인 요리로도 즐길 수 있습니다.","[""감자 1파운드"", ""엑스트라 버진 올리브유 3큰술"", ""정어리 통조림(각 4.375온스) 4개, 기름기를 빼다"", ""체리 토마토 1/2파운드, 깍둑썰기"", ""마늘 2쪽, 다지다"", ""말린 바질 1큰술"", ""빵 가루 2큰술""]","[""감자를 큰 냄비에 놓고 소금물로 덮으세요. 끓이다; 불을 줄이고 중약불로, 덮고, 약불로 끓이기 약 20분 동안 부드러워질 때까지. 기름기를 빼다. 찬물로 덮고 찬물을 교체하면서 필요에 따라 식혀질 때까지 놓아두세요. 껍질을 벗기다 그리고 감자를 얇게 슬라이스하다."", ""오븐을 350도 F(175도 C)로 예열하다."", ""올리브유로 카세롤 접시에 기름을 바르다. 카세롤 접시에 감자 슬라이스의 고른 층으로 줄을 세우세요; 정어리 필렛 층으로 올리기. 정어리 위에 깍둑썰기한 토마토를 흩어 놓으세요. 토마토 위에 마늘, 바질, 빵 가루를 뿌리다."", ""예열된 오븐에서 약 20분 동안 가열되어질 때까지 굽다.""]",7,4
멜란자네 알라 파르미지아나 (가지 파르메산),가지 파르메산,가지 파르메산,"멜란자네 알라 파르미자나는 시칠리아에서 유래한 고전적인 이탈리아 요리로, 시칠리아 현지인들에게는 단순히 ""파르미자나""라고 불립니다. 이 정통 버전에서 얻을 수 있는 풍부하고 깊은 맛은 추가 노력의 가치가 있습니다. 가지 파르메산을 바삭한 빵과 초록 샐러드와 함께 제공하십시오.","[""엑스트라 버진 올리브유 2컵, 필요에 따라 추가"", ""가지 6개, 다듬어서 1/2인치 두께로 자르기"", ""신선한 바질 1묶음"", ""간하기"", ""토마토 퓌레 (파사타) 1⅓컵"", ""올리브유 2큰술, 나누어 사용"", ""마늘 2쪽"", ""신선한 모차렐라 치즈 18온스, 기름기를 빼고 슬라이스하다"", ""말린 오레가노 ½작은술, 또는 취향에 맞게"", ""간 파르메산 치즈 4온스""]","[""2컵의 기름 (또는 1인치 깊이에 필요한 양)을 깊은 스킬렛에 붓다; 중불에서 가열하다."", ""종이 타월로 가지 슬라이스를 톡톡 두드려 물기를 제거합니다. 바질 잎 4개를 따로 두고; 남은 잎을 다지다."", ""뜨거운 기름에 가지를 여러 번에 나누어 튀기다, 한쪽에 2-3분씩. 슬롯 숟가락을 사용하여 가지를 종이 타월을 깐 접시에 옮기다; 소금으로 간하다."", ""파사타, 올리브유 1큰술, 마늘 2쪽, 바질 잎 4개, 소금 한 꼬집을 냄비에 중불에서 약불로 끓이기, 10분간. 불에서 내리고 마늘 쪽을 버리다."", ""오븐을 375도 F (190도 C)로 예열하다. 베이킹 접시에 가볍게 기름을 바르다."", ""베이킹 접시에 다음과 같은 순서로 재료를 여러 번 레이어하기: 튀긴 가지, 토마토 소스, 모차렐라 치즈, 오레가노, 파르메산 치즈, 바질 잎. 모차렐라의 한 층으로 마무리하고 남은 올리브유 1큰술을 뿌리다."", ""예열된 오븐에서 굽다, 가열되고 치즈가 녹을 때까지, 약 40분간. 슬라이스하기 전에 몇 분간 식히다.""]",10,7
미니 필리 치즈스테이크,에피타이저 및 스낵,카나페 및 크로스티니,미니어처 샌드위치는 보통 나를 끌지 못합니다. 왜냐하면 거의 항상 풀 사이즈 버전만큼 좋지 않기 때문입니다. 하지만 이 미니 필리 치즈스테이크 레시피는 클래식에 대해 내가 좋아하는 모든 것을 담아냅니다.,"[""버터 2테이블스푼, 필요에 따라"", ""다목적 밀가루 2테이블스푼, 필요에 따라"", ""냉우유 1컵"", ""채썬 프로볼론 치즈 2온스, 입맛에 따라 더"", ""그라운드 육두구 한 꼬집"", ""카이엔 페퍼 한 꼬집"", ""맛에 맞게 소금""]","[""오븐을 400도 F(200도 C)로 예열하세요. 베이킹 시트에 알루미늄 포일을 깔아두세요."", ""소스 만들기: 냄비를 중불에서 중강불로 놓고 버터를 녹입니다. 뜨거운 버터에 밀가루를 거품기로 저어주면서 계속 저어주어 혼합물이 옅어지고 밀가루 맛이 익혀지도록 약 1분간 익힙니다. 우유를 밀가루 혼합물에 거품기로 저어주어 혼합물이 뜨거워지고 걸어질 때까지 3~6분 동안 저어줍니다. 프로볼론 치즈, 육두구, 카이엔 페퍼, 소금을 넣고 치즈가 완전히 녹을 때까지 저어주세요. 따로 둡니다."", ""미니 치즈스테이크 만들기: 스테이크를 소금과 검은 후추로 간하세요."", ""냄비에 올리브유 1테이블스푼을 중불에서 중강불로 가열하세요. 스테이크를 뜨거운 기름에서 익히되 가끔 뒤집으면서 고기가 약간 단단하고 안쪽이 분홍색이 될 때까지 5~7분 동안 익힙니다. 고기를 접시로 옮기세요."", ""냄비를 다시 불 위에 놓고 물을 붓고 나무 숟가락으로 냄비 바닥의 갈색 음식 부스러기를 긁어내면서 끓이세요. 냄비의 액체를 스테이크 위에 붓세요. 스테이크를 실온으로 식히세요; 고기를 깍둑썰기하고 고기와 접시에서 모아진 국물을 큰 볼에 놓으세요."", ""냄비에 올리브유 1테이블스푼을 중불에서 중강불로 가열하세요; 뜨거운 기름에서 양파와 피망을 볶아 부드러워지고 약간 반투명해질 때까지 약 5분 동안 익힙니다. 양파와 피망을 볼의 소고기에 저어주세요; 소금과 후추로 간하세요."", ""준비된 베이킹 시트 위에 빵 슬라이스를 펼치고 남은 올리브유 1테이블스푼을 뿌리세요. 슬라이스를 뒤집어 기름칠한 쪽이 아래로 향하게 하세요. 각 슬라이스에 치즈 소스를 넉넉히 펼치세요. 위에 소고기 혼합물을 떠서 넣으세요. 프로볼론 치즈를 뿌리세요."", ""갈색으로 익혀지고 치즈가 녹을 때까지 예열된 오븐에서 굽되, 12~15분 동안 굽습니다.""]",7,8
엄마의 파스타 알 포르노,지티,지티,엄마는 휴일이나 일요일에 이 파스타 알 포르노를 자주 만들곤 했어요. 우리에게는 큰 treat였어요. 파스타에 레이어하기 위해 많은 재료들이 필요해서 일이 많지만 충분히 할 가치가 있어요. 지티에 원하는 것을 선택할 수 있지만 우리는 이렇게 하는 것을 좋아해요. 포만감 있고 맛있어요.,"[""3 tablespoons 식용유"", ""1 medium 양파, 슬라이스하다"", ""3 (15 ounce) 캔 토마토 퓨레"", ""4 ¼ cups 물, 원하는 대로"", ""6 tablespoons 백설탕"", ""6 leaves 신선한 바질""]","[""중불에서 큰 냄비에 기름을 바르세요. 양파를 넣고 투명해질 때까지 볶으세요, 약 5분. 토마토 퓨레와 물을 섞으세요; 10분 동안 익히세요. 설탕과 바질을 저어주세요. 불을 약불로 줄이세요; 약 30분 동안 약불로 끓이며, 때때로 저어주세요."", ""소스가 익혀지는 동안, 매우 큰 냄비에 살짝 소금간한 물을 끓이세요. 지티를 넣고 때때로 저어주며, 부드럽지만 탄탄한 식감이 될 때까지 익히세요, 약 8분. 기름기를 빼고 냄비에 되돌리세요."", ""중불 이상에서 큰 스킬렛을 가열하세요. 뜨거운 스킬렛에서 소고기를 익히고 저어주세요 갈색으로 익혀지고 부슬부슬해질 때까지, 5-7분. 기름기를 빼고 버리세요. 익힌 파스타에 소고기를 넣으세요. 파스타를 가볍게 코팅할 수 있도록 충분한 토마토 소스를 섞으세요."", ""리코타 치즈와 물을 볼에 섞으세요 펼칠 수 있는 일관성이 될 때까지."", ""오븐을 375도 F (190도 C)로 예열하세요."", ""9x13인치 베이킹 디쉬의 바닥에 한 국자의 소스를 펼치세요. 파스타의 1/2, 모든 리코타 치즈, 완두콩, 파르메산 치즈의 1/2을 넣으세요. 파스타의 모든 부분에 슬라이스한 계란을 레이어하세요; 모짜렐라 치즈의 1/2로 덮으세요. 남은 파스타, 파르메산 치즈, 소스, 모짜렐라를 올리세요. 알루미늄 호일로 덮으세요."", ""예열된 오븐에서 황금빛 갈색이 될 때까지, 부글부글할 때까지 굽으세요, 40-50분. 슬라이스가 떨어져 나가지 않도록 자르기 전에 약 10분 동안 식히세요.""]",6,7
몽골식 미트로프,컴포트 푸드,미트로프,"이 몽골식 미트로프 실험이 어떻게 나왔는지에 대해 더 이상 기뻐할 수 없습니다. 미트로프를 만들지 몽골 소고기를 만들지 결정할 수 없었기 때문에 한 번에 두 가지를 모두 시도하기로 결정했습니다. 그 결과는 부드러운 미트로프로, 슬라이스하고 스킬렛에서 바삭하게 익히고 달콤하고 짠맛이 나는 풍미 있는 소스와 함께 제공되며, 미국 중식당의 인기 요리인 몽골 소고기처럼 절대로 몽골식이 아닙니다. 하지만 특히 찐 쌀과 복초이를 곁들여 제공하면 정말 맛있습니다.","[""1 큰술 식용유"", ""1컵 깍둑썰기한 노란 양파"", ""마늘 3클로브, 으깬"", ""생강 2작은술"", ""소고기 2파운드, 다진"", ""1컵 익힌 쌀, 찬 또는 실온"", ""큰 계란 1개, 휘핑한"", ""파 1/2컵"", ""간장 1큰술"", ""소금 1작은술"", ""검은 후춧가루 1/2작은술""]","[""오븐을 350도 F(180도 C)로 예열하다. 식빵 팬에 가볍게 기름을 바르다. "", ""중불에서 1큰술 식용유를 논스틱 스킬렛에 가열하고 소금을 살짝 뿌린 노란 양파를 3~5분 동안 황금색으로 변할 때까지 볶다. 3클로브 으깬 마늘과 생강 2작은술을 저어주고 1분 더 익히다. 불에서 내려 약 15분 동안 실온으로 식히다. "", ""식힌 양파 혼합물을 다진 소고기에 옮기고 쌀, 계란, 파, 간장 1큰술, 소금, 검은 후춧가루를 함께 넣다. 포크, 스패튤러, 또는 손으로 사용하여 고르게 섞일 때까지 혼합하다. 준비된 식빵 팬에 옮기고 단단히 누르고 윗면을 매끄럽게 하다. "", ""예열된 오븐에서 구우면 중심에 삽입한 즉석 온도계가 145~150도 F(63~65도 C)를 읽을 때까지, 약 1시간 동안 굽다. 미트로프는 뜨거울 때 제공하거나, 식혀 감싸 냉장고에 넣어 차갑게 식혀질 때까지, 약 45분 동안 휴지시키다. "", ""소스의 경우, 찬 논스틱 스킬렛에 2작은술 기름, 1큰술 생강, 다진 마늘 4클로브를 함께 섞다. "", ""불을 중불로 켜다. 생강과 마늘이 지글지글 소리나기 시작하면, 약 30초 동안 저어주면서 익히고, 설탕, 간장 1/2컵, 물 1/4컵, 토마토소스, 그리고 빨간 고추 플레이크를 거품기로 저어주다. 약불로 끓이기 시작하면, 불을 약불로 줄이다. "", ""옥수수 전분 1작은술과 물 2작은술을 작은 볼에 함께 거품기로 저어주어 슬러리를 만들다; 소스에 저어주다. 불을 중불로 높이고 약불로 끓이기로 되돌리다. 소스가 약간 걸쭉해질 때까지, 약 2분 동안 가끔 거품기로 저어주면서 익히다. 불을 약불로 줄이고 필요할 때까지 따뜻하게 유지하다 (소스는 미리 만들 수 있고 중약불에서 다시 데울 수 있다). "", ""냉장고에서 찬 미트로프를 꺼내 8조각으로 슬라이스하다. 각 면에 옥수수 전분을 뿌리고, 중불에서 논스틱 스킬렛에 식용유를 조금 사용하여 갈색으로 익히고 완전히 데워질 때까지 다시 데우다. 미트로프가 완전히 데워지기 전에 표면이 갈색으로 변하면, 불을 중불로 줄이고, 완료될 때까지 덮다. "", ""소스를 얹어 제공하다; 검은 깨, 슬라이스한 파, 다진 고수로 장식하다 (선택 사항). ""]",11,9
필라델피아식 로스트 포크 샌드위치,돼지고기,돼지고기 샌드위치,치즈 스테이크는 잊으세요: 이 맛있는 로스트 포크 샌드위치는 남쪽 필라델피아에서 찾을 수 있는 종류입니다.,"[""1 (3파운드) 돼지 어깨살 로스트"", ""3 큰술 다진 신선한 로즈마리"", ""3 큰술 다진 신선한 파슬리"", ""3 쪽 마늘, 다진"", ""4 작은술 올리브 기름, 나누어서"", ""1 큰술 코셔 소금, 맛에 따라 더 추가"", ""1 큰술 새로 간 검은 후추, 맛에 따라 더 추가"", ""1 컵 물, 필요에 따라 더 추가""]","[""오븐을 325도 F (165도 C)로 예열하다."", ""돼지고기 준비: 돼지 로스트에서 그물망이나 끈을 제거하되 다시 사용할 수 있도록 손상되지 않게 유지하세요. 로즈마리, 파슬리, 마늘, 3작은술 기름을 바르다, 1큰술 코셔 소금, 1큰술 후추를 볼에 섞으세요. 돼지 로스트를 슬라이스하다 펼치고 허브 혼합물을 바르세요. 돼지고기를 말아 그물망이나 끈으로 고정하세요. 남은 1작은술 기름을 돼지고기 전체에 기름을 바르다; 소금과 후추로 간하다."", ""돼지고기를 기름진 면이 위로 향하도록 로스팅 팬에 놓고 물을 붓다."", ""예열된 오븐에서 가끔씩 소스를 끼얹으며 굽고 필요하면 물을 더 추가하면서, 즉석 온도계를 고기에 삽입하여 최소 145도 F (63도 C)를 읽을 때까지 1시간 30분에서 2시간 굽다. 오븐에서 꺼내어 10~15분 휴지시키다. 로스팅 팬의 팬 주스를 예비합니다."", ""돼지고기가 휴지시키는 동안 준비물을 준비하세요: 프라잉팬에서 중간 불로 기름을 가열하다. 마늘과 빨간 고추 플레이크를 저어주다; 마늘이 향기로워 보이지만 갈색이 아닐 때까지 익히고 저어주다, 약 3분. 닭고기 육수를 붓다 끓이다. 시금치, 레몬 주스, 소금, 후추를 추가하세요. 열을 중약불로 줄이고 가끔씩 저어주면서 익히다, 시금치가 시들 때까지 2~3분. 로스트에서 끈을 자르고 제거하세요. 돼지고기를 얇은 슬라이스로 자르다. 슬라이스한 돼지고기를 로스팅 팬의 주스에 되돌리다."", ""샌드위치 롤을 슬라이스하다. 맨체고 치즈를 쪼갠 롤에 뿌리고 돼지고기 슬라이스를 추가한 후 시금치를 올리기.""]",8,7
정말 빠른 감자 그라탱,부활절,감자 오 그라탱,이 치즈 감자 그라탱은 푸드 프로세서로 빠르게 준비할 수 있습니다.,"[""4온스 그뤼에르 또는 꽁테 치즈"", ""4개의 큰 유콘 골드 감자, 껍질을 벗긴"", ""1½컵 하프앤하프"", ""1개의 큰 마늘 쪽, 껍질을 벗기고 매우 곱게 다지기"", ""¾티스푼 소금"", ""1작은 꼬집음 신선한 강판 육두구""]","[""오븐을 400°F(200°C)로 예열하다. 8x8인치 베이킹 접시에 버터를 바르다."", ""푸드 프로세서에 슈레딩 디스크를 끼우고 치즈를 슈레딩하다. 작은 그릇에 옮기다. 슬라이싱 디스크를 끼우고 감자를 슬라이스하다."", ""감자를 큰 냄비에 하프앤하프, 마늘, 소금, 육두구와 함께 넣고 저어주다. 중불에서 높은 불로 끓이다, 가끔 저어주다. 스틱이 생기지 않도록 내열 주걱으로 자주 저어주면서 부드러운 끓임에서 익히다, 하프앤하프가 줄어들고 감자를 두껍게 코팅하기까지, 약 8분."", ""준비된 베이킹 접시에 떠서 넣다. 윗면을 매끄럽게 하고 치즈를 고르게 뿌리다."", ""예열된 오븐에서 감자가 칼로 찔렀을 때 부드러워지고 윗면이 갈색으로 익혀질 때까지 굽다, 25~30분. 서빙하기 전에 5~10분 식히다.",6,5
호박 바클라바,할로윈,호박 레시피,이 호박 바클라바 레시피는 제 할머니(그리스어로 yiayia)로부터 전해 내려온 레시피로 만든 제 이모의 레시피에서 영감을 받았습니다. 저는 처음으로 아테네에서 제 이모와 함께 만들었고 마침내 집에서 재현했습니다. 이것은 그리스 바클라바의 잘 알려지지 않은 전통 버전입니다.,"[""흰 설탕 3컵"", ""물 2 3/4컵"", ""계피 스틱 1개"", ""레몬 또는 오렌지 껍질 3줄""]","[""먼저 시럽을 만듭니다: 흰 설탕, 물, 계피 스틱, 감귤 껍질을 중간 크기의 냄비에 넣습니다. 중불 위에 놓고 끓이다. 끓이기 시작하면, 2분간 끓이기하고 불에서 제거합니다. 완전히 식히다. (이것은 미리 일주일까지 할 수 있습니다; 필요할 때까지 냉장고에 식은 시럽을 보관하세요.)"", ""오븐을 350도 F(180도 C)로 예열하다. 9x13인치 베이킹 접시에 녹인 버터를 일부 기름을 바르다."", ""푸드 프로세서에 호두 반으로 놓고 여러 번 펄스하여 미세한 빵가루처럼 만듭니다. 호두를 채썬 호박, 빵가루, 올리브 오일, 설탕, 계피, 정향가루와 섞으세요. 저어주다 완전히 섞일 때까지."", ""필로 도우를 펼치고 스택에서 한 장을 제거합니다. 작업하는 동안 건조해지지 않도록 남은 필로를 젖은 찻수건으로 덮다. 도우 한 장에 녹인 버터를 기름을 바르고 준비된 베이킹 접시에 놓으세요; 가볍게 누르다 시트가 접시 바닥을 덮고 옆면까지 올리도록 합니다. 8장을 레이어하기할 때까지 반복합니다. 어떤 시트에 눈물이 있어도 걱정하지 마세요. 이것은 예상되며 최종 결과에 영향을 미치지 않습니다!"", ""호박 혼합물을 필로 베이스에 떠서 넣고 옆면까지 수평을 맞춥니다. 필로를 접다 호박 혼합물의 상단 위로."", ""또 다른 필로 도우 시트에 녹인 버터를 기름을 바르고 호박 혼합물 위에 놓으세요. 6~8장으로 토핑할 때까지 반복합니다. 파이 브러시를 사용하여 튀어나온 필로를 베이킹 접시의 옆면으로 오그러뜨리세요. 남은 녹인 버터를 바클라바의 윗부분 전체에 드리즐하세요."", ""날카로운 칼을 사용하여 필로의 윗층 전체에 다이아몬드 또는 사각형 모양으로 자르다; 아래층까지는 자르지 마세요."", ""예열된 오븐에서 필로가 깊은 황금색으로 갈색으로 익히다할 때까지 굽다, 50~60분."", ""오븐에서 바클라바를 제거하고 즉시 식은 시럽을 뜨거운 바클라바 위에 국자로 떠서 넣으세요. 모든 시럽이 추가될 때까지 한 번에 한 국자씩 넣으세요."", ""보관함을 치우고 휴지시키다, 덮지 않은 채로, 8시간 또는 하룻밤 먹기 전에.",4,10